,pixelPlant,pixelPole,pixelLake,pixelRoad,pixelGrass,pixelWall,pixelCar,propertiesAsses,pixelSea,numCraigslistHouse,pixelRiver,pixelBus,pixelCeiling,pixelPath,pixelBuilding,crime,pixelFence,walkSchool,walkMbta,energySiteEUI,pixelPerson,pixelTree,pixelVan,walkPark,walkUniversity,pixelSidewalk,pixelGround,pixelMountain,pixelPalmTree,pixelHouse,pixelBridge,pixelSign,pixelRailing,pixelField,pixelWindow,pixelGrandstand,numCraigslistRoom,pixelSky
0,0,0.017,41.95,7.542,0,0.92,1.177,47174046,0,0,0,0,0,0,0,3,0,8,1,0,1.177,0.036,0.229,11,0,4.03,0,0.05,0,3.597,0.125,0.106,0,0,0,0,0,10.78
1,0,0.597,40.6,1.57,0,0.025,9.659,12937000,0,0,0,0,0,0,3.141,0,0,9,2,0,9.659,8.465,0,6,2,1.413,0,0,0.099,1.167,0,0.193,0,0,0,0,0,19.53
2,0,0.127,12.48,3.14,0,0.427,2.555,4294268,0,0,0.004,0,0,0,3.247,0,0,5,0,0,2.555,4.174,0,8,0,0.974,0,0,0.853,1.864,0,0.363,0,0,0,0,0,46.53
3,0,0,0,0,0,0,0,15601537,0,0,0,0,0,0,0,0,0,6,2,0,0,0,0,11,1,0,0,0,0,0,0,0,0,0,0,0,0,0
4,0,0.055,13.33,2.205,0,0.049,8.027,17314700,0,0,0.21,0,0,0.133,0.167,0,0,3,0,0,8.027,4.158,0,12,0,1.942,0,0.006,4.418,1.698,0,0.219,0,0,0,0,0,57.23
5,0,0.024,48.58,10.96,0,0.001,0.979,46937627,0,0,0,0,0,0,0,6,0,31,3,212.9,0.979,0.58,0.888,17,81,5.979,0,0,0,4.245,0,0.325,0,0,0,0,0,12.06
6,0,0,0,0,0,0,0,22309790,0,0,0,0,0,0,0,4,0,8,0,0,0,0,0,15,0,0,0,0,0,0,0,0,0,0,0,0,0,0
7,0,0.007,29.69,4.235,0,0.227,4.437,9218020,0,0,0,0,0,0.033,0,2,0,16,0,0,4.437,7.556,0,6,4,6.726,0,0,0,1.648,0,0.203,0.011,0,0,0,0,21.34
8,0,0,15.24,0.086,0,0.001,0.44,10421920,0,0,0,0,0,0.033,0,0,0,5,0,0,0.44,0.162,0,10,0,0,0,0,0,0.477,0,0.161,0,0,0,0,0,0.704
9,0,0,51.39,2.535,0,0.044,6.958,12327400,0,0,0,0,0,0.029,0.356,7,0,7,0,524.6,6.958,1.834,0,4,0,3.291,0,0,0.012,0.858,0,0.167,0.174,0,0,0,0,9.759
10,0,0,0,0,0,0,0,18681300,0,0,0,0,0,0,0,5,0,10,0,51.5,0,0,0,12,0,0,0,0,0,0,0,0,0,0,0,0,0,0
11,0,0.007,29.69,4.235,0,0.227,4.437,9218020,0,0,0,0,0,0.033,0,2,0,16,0,0,4.437,7.556,0,6,4,6.726,0,0,0,1.648,0,0.203,0.011,0,0,0,0,21.34
12,0,0.771,2.475,0.074,1.349,0,1.106,17565100,0.01,0,10.42,0,0,1.357,0.139,1,0,14,2,0,1.106,9.517,0,11,1,0,0,0,0.731,0,0,0.048,0,0,0,0,0,28.22
13,0,0,0,0,0,0,0,11035500,0,0,0,0,0,0,0,1,0,2,0,0,0,0,0,17,0,0,0,0,0,0,0,0,0,0,0,0,0,0
14,0,0,0,0,0,0,0,13944200,0,0,0,0,0,0,0,1,0,3,0,0,0,0,0,12,0,0,0,0,0,0,0,0,0,0,0,0,0,0
15,0,0,0,0,0,0,0,20981860,0,0,0,0,0,0,0,3,0,11,3,107.3,0,0,0,12,0,0,0,0,0,0,0,0,0,0,0,0,11,0
16,0,0,47.98,4.042,0,0,0.152,42758607,0,0,0,0,0,0,0,3,0,39,3,268,0.152,0,0.158,23,36,16.58,0,0,0,0.626,0,0.088,0,0,0,0,0,22.75
17,0,0.314,32.83,4.054,0,1.582,4.447,18406000,0,0,0,0,0,0,5.281,2,0,4,1,0,4.447,1.547,0,6,0,3.358,0,0.058,0.074,2.774,0,0.161,0.076,0,0,0,0,16.68
18,0,0,0,0,0,0,0,22655304,0,0,0,0,0,0,0,1,0,10,0,82.2,0,0,0,48,0,0,0,0,0,0,0,0,0,0,0,0,0,0
19,0,0,89.47,3.715,0,0.743,0,269677724,0,0,0,0,0,0,0,30,0,32,11,532.1,0,0,0.085,46,22,1.04,0,0,0,1.331,0,0.327,0,0,0,0,0,0
20,0,0.032,62.09,3.816,0,0.038,3.715,12743204,0,0,0,0,0,0,1.116,6,0,7,1,0,3.715,1.048,0,15,0,1.263,0,0.018,0,2.011,0,0.095,0.055,0,0,0,0,3.314
21,0,0.04,55.92,8.555,0,0.282,0.175,14893757,0,1,0,0.008,0,0,0,1,0,6,1,54.6,0.175,1.899,0,15,0,1.21,0,0,0,1.886,0,0.098,0,0,0.279,0,0,3.031
22,0,0,0,0,0,0,0,17118500,0,0,0,0,0,0,0,2,0,11,0,0,0,0,0,12,4,0,0,0,0,0,0,0,0,0,0,0,0,0
23,0,0,0.183,0,0,0.001,0,24592900,0,0,0,0,0,0,0,0,0,3,0,0,0,0,0,5,0,0,0,0,0,0,0,0.2,0,0,0,0,0,0
24,0,0,0.183,0,0,0.001,0,27637885,0,0,0,0,0,0,0,4,0,9,0,0,0,0,0,14,4,0,0,0,0,0,0,0.2,0,0,0,0,1,0
25,0,0.071,43.54,5.434,0,1.434,2.297,22357799,0,0,0,0,0,0,2.904,2,0,9,3,119.9,2.297,0.01,0.12,14,1,5.507,0,0,0,3.806,0,0.186,0,0,0,0,0,15.87
26,0,0.016,17.74,7.538,0,2.908,5.515,11287700,0,0,0.01,0,0,0.179,1.129,0,0,9,0,0,5.515,3.318,0,9,0,2.703,0,0.383,0.16,3.3,0,0.134,0,0,0,0,0,45.49
27,0,0,0,0,0,0,0,25060825,0,0,0,0,0,0,0,6,0,52,0,1081.3,0,0,0,20,74,0,0,0,0,0,0,0,0,0,0,0,0,0
28,0,0.001,70.23,4.077,0,0,0.218,23884728,0,0,0,0,0,0,0.168,6,0,13,2,0,0.218,0,0,7,0,1.916,0,0.003,0.343,1.772,0,0.03,0,0,0,0,0,12.48
29,0,0.001,70.23,4.077,0,0,0.218,23884728,0,0,0,0,0,0,0.168,6,0,13,2,0,0.218,0,0,7,0,1.916,0,0.003,0.343,1.772,0,0.03,0,0,0,0,0,12.48
30,1.783,0,66.22,1.271,0,8.961,0.239,25332093,0,0,0,0,1.008,0,0,9,0,8,1,0,0.239,0.031,0.005,5,0,0.262,0,0.003,0,0.908,0,0.197,0.001,0,5.05,0,0,0.091
31,0,0,0,0,0,0,0,209154155,0,0,0,0,0,0,0,10,0,30,10,335.7,0,0,0,46,22,0,0,0,0,0,0,0,0,0,0,0,0,0
32,1.783,0,66.22,1.271,0,8.961,0.239,25332093,0,0,0,0,1.008,0,0,9,0,8,1,0,0.239,0.031,0.005,5,0,0.262,0,0.003,0,0.908,0,0.197,0.001,0,5.05,0,0,0.091
33,0,0,0.183,0,0,0.001,0,13234534,0,0,0,0,0,0,0,5,0,13,2,8.9,0,0,0,7,0,0,0,0,0,0,0,0.2,0,0,0,0,0,0
34,0,0,0,0,0,0,0,13660400,0,0,0,0,0,0,0,3,0,5,0,0,0,0,0,10,0,0,0,0,0,0,0,0,0,0,0,0,0,0
35,0,0,2.447,0.099,0,0.001,0.023,6067821,0,0,0.006,0,0,0,0,1,0,11,0,0,0.023,2.697,0.069,17,0,0.765,0,0,0.108,0.013,0.004,0.162,0,0,0,0,0,2.129
36,0,0,64.47,2.905,0,0.008,0.223,31038055,0,0,0,0,0,0,1.645,7,0,14,2,58.5,0.223,0.006,0.207,9,0,4.977,0,0,0,0.288,0,0.167,0,0,0,0,2,14.18
37,0,0,0.321,4.04,0,0.001,0.614,12854318,0,0,0,0,0,0,0,4,0,14,1,0,0.614,0.304,0.155,14,1,0.527,0,0.001,0,0.457,0,0.203,0,0,0,0,0,5.967
38,0,0.177,61.21,2.199,0,1.066,1.62,115954000,0,0,0,0,0,0,0,24,0,21,2,73.2,1.62,0.001,0.179,27,3,6.874,0,0,0.008,2.622,0,0.051,0,0,0,0,0,18.76
39,1.783,0,66.22,1.271,0,8.961,0.239,25332093,0,0,0,0,1.008,0,0,9,0,8,1,0,0.239,0.031,0.005,5,0,0.262,0,0.003,0,0.908,0,0.197,0.001,0,5.05,0,0,0.091
40,0,0.12,42,2.84,0,0.697,1.841,11510993,0,0,0,0.029,0,0,0.121,4,0,9,0,0,1.841,3.9,0.302,16,0,3.292,0,0.336,0.003,1.758,0.094,1.223,0.495,0,0,0,0,6.394
41,0,0.028,51.78,1.808,0,0.078,3.405,38034736,0,0,0,0.024,0,0.001,5.204,4,0,8,0,0,3.405,0.56,0.714,6,1,0.302,0,0,0.313,4.386,0,0.721,0.066,0,0,0,0,21.54
42,0,0,0,0,0,0,0,243090896,0,0,0,0,0,0,0,19,0,35,9,263.7,0,0,0,53,24,0,0,0,0,0,0,0,0,0,0,0,0,0
43,0,0,89.47,3.715,0,0.743,0,269677724,0,0,0,0,0,0,0,30,0,32,11,532.1,0,0,0.085,46,22,1.04,0,0,0,1.331,0,0.327,0,0,0,0,0,0
44,0,0,3.164,3.643,0,23.25,0,164498300,0,1,0,0,22.25,0,0,3,0,18,6,371.4,0,0,0,34,10,0.788,0,0.027,0,0,3.876,0.205,0.586,0,0,2.708,0,0
45,0,0.144,16.47,8.564,0,6.528,2.562,10987900,0,0,0,0,0,0,0.245,5,0,10,0,10.5,2.562,0.011,0.137,14,1,1.438,0,0,2.013,7.338,0,0.174,0.213,0,0,0,1,22.37
46,0,0.059,37.7,3.171,0,1.295,10.95,16015890,0,0,0,0,0,0.098,4.616,1,0,4,0,0,10.95,4.291,0,9,1,1.691,0,0,0,3.286,0,0.249,0.001,0,0,0,0,20.67
47,0,0,0,0,0,0,0,16203037,0,0,0,0,0,0,0,4,0,9,2,0,0,0,0,7,0,0,0,0,0,0,0,0,0,0,0,0,0,0
48,0,0.059,37.7,3.171,0,1.295,10.95,16015890,0,0,0,0,0,0.098,4.616,1,0,4,0,0,10.95,4.291,0,9,1,1.691,0,0,0,3.286,0,0.249,0.001,0,0,0,0,20.67
49,0,0,0,0,0,0,0,96854924,0,0,0,0,0,0,0,3,0,16,1,154.3,0,0,0,14,2,0,0,0,0,0,0,0,0,0,0,0,0,0
50,0,0.465,66.59,3.338,0,0.853,1.137,12091430,0,0,0,0,0,0,0.146,1,0,15,0,0,1.137,0.685,0,14,1,1.901,0,0,0,2.343,0,1.322,0.053,0,0.092,0,2,7.126
51,0,0.157,56.99,6.496,0,2.752,0.093,134701300,0,1,0,0.068,0,0,0,7,0,19,6,150.3,0.093,0.08,0,36,12,1.966,0,0,0,3.117,0,0.851,0,0,0,0,0,14.72
52,0,0.053,30.99,4.436,0,0.283,4.453,14779194,0,3,0,0,0,0,1.867,2,0,11,0,152.7,4.453,2.771,0.031,7,2,3.028,0,0,0,4.399,1.51,0.226,0,0,0,0,0,27.78
53,0,0.016,21.18,3.329,0,1.924,10.09,14762400,0,0,0,0,0,0.012,3.39,6,0,9,2,63.3,10.09,3.499,0,6,4,2.31,0,0,0,2.499,0,0.412,0.136,0,0,0,0,35.87
54,0,0.111,37.81,3.593,0,2.466,9.52,36018700,0,0,0,0,0,0,0.627,0,0,14,7,316.9,9.52,0.973,0,24,9,1.973,0,0,0,5.799,0,0.119,0,0,0,0,0,26.55
55,0,0.111,37.81,3.593,0,2.466,9.52,36018700,0,0,0,0,0,0,0.627,0,0,14,7,316.9,9.52,0.973,0,24,9,1.973,0,0,0,5.799,0,0.119,0,0,0,0,0,26.55
56,0,0.111,37.81,3.593,0,2.466,9.52,36018700,0,0,0,0,0,0,0.627,0,0,14,7,316.9,9.52,0.973,0,24,9,1.973,0,0,0,5.799,0,0.119,0,0,0,0,0,26.55
57,0,0.111,37.81,3.593,0,2.466,9.52,36018700,0,0,0,0,0,0,0.627,0,0,14,7,316.9,9.52,0.973,0,24,9,1.973,0,0,0,5.799,0,0.119,0,0,0,0,0,26.55
58,0,0,24.93,5.143,0,0.185,2.899,24376646,0,0,0,0,0,0,6.301,10,0,6,1,120.8,2.899,2.394,0,5,0,7.495,0,0,0,3.554,0,0.246,0,0,0,0,1,15.43
59,0,0.111,37.81,3.593,0,2.466,9.52,36018700,0,0,0,0,0,0,0.627,0,0,14,7,316.9,9.52,0.973,0,24,9,1.973,0,0,0,5.799,0,0.119,0,0,0,0,0,26.55
60,0,0.111,37.81,3.593,0,2.466,9.52,36018700,0,0,0,0,0,0,0.627,0,0,14,7,316.9,9.52,0.973,0,24,9,1.973,0,0,0,5.799,0,0.119,0,0,0,0,0,26.55
61,0,0.017,41.95,7.542,0,0.92,1.177,47174046,0,0,0,0,0,0,0,3,0,8,1,0,1.177,0.036,0.229,11,0,4.03,0,0.05,0,3.597,0.125,0.106,0,0,0,0,0,10.78
62,0,0,0,0,0,0,0,19622500,0,0,0,0,0,0,0,1,0,5,0,115.2,0,0,0,10,0,0,0,0,0,0,0,0,0,0,0,0,0,0
63,0,0,11.6,10.38,0,8.521,0.722,22717900,0,0,0,0,0,0,0,5,0,12,2,0,0.722,0.211,0,9,2,4.88,0,1.125,0.52,0.178,0.25,0.456,0,0,0,0,0,17.79
64,0,0,0,0,0,0,0,243090896,0,0,0,0,0,0,0,19,0,35,9,263.7,0,0,0,53,24,0,0,0,0,0,0,0,0,0,0,0,0,0
65,0,0.12,42,2.84,0,0.697,1.841,11510993,0,0,0,0.029,0,0,0.121,4,0,9,0,0,1.841,3.9,0.302,16,0,3.292,0,0.336,0.003,1.758,0.094,1.223,0.495,0,0,0,0,6.394
66,0,0,51.98,4.213,0,14.66,3.523,89256093,0,0,0,0,0.027,0,0.266,8,0,14,2,946,3.523,0,0.698,20,55,6.07,0,0,0.023,1.151,0.126,0.913,0,0,0.728,0,0,11.42
67,0,0.012,60.23,6.681,0,0.332,1.252,45729854,0,0,0,0,0,0,0,3,0,6,1,0,1.252,0,0.19,4,0,5.024,0,0,0,1.03,0,0.16,0,0,0,0,0,5.077
68,0,0,0,0,0,0,0,20524400,0,0,0,0,0,0,0,3,0,9,0,30.1,0,0,0,16,1,0,0,0,0,0,0,0,0,0,0,0,2,0
69,0,0.184,23.8,6.224,0,3.734,3.503,19255240,0,0,0,0,0.032,0,0.225,3,0,3,0,0,3.503,0.93,0,15,1,2.163,0,0.255,0.005,2.712,0,0,0,0,0,0,3,11.49
70,0,0,56.61,1.166,0,0,10.65,54590400,0,0,0,0,0,0,0.512,2,0,12,2,0,10.65,0.168,0,14,2,2.186,0,0,0,1.737,0,0,0.155,0.066,0,0,0,22.31
71,0,0.209,42.52,13.27,0,2.314,0.193,22296026,0,0,0,0.059,0,0,0,0,0,3,2,0,0.193,0,0.05,3,0,3.901,0,0.5,0,3.502,0,0.808,0,0,0,0,1,12.93
72,0,0.014,75.12,2.219,0,5.286,1.663,24922000,0,0,0.018,0,0,0,0.292,2,0,9,4,326.1,1.663,0,0,23,5,0.893,0,0,0.06,0.93,0,0.246,0,0,0,0,0,9.699
73,0,0,0,0,0,0,0,12335263,0,0,0,0,0,0,0,1,0,14,2,80.4,0,0,0,14,0,0,0,0,0,0,0,0,0,0,0,0,3,0
74,2.827,0,19.12,1.879,0,47.04,0,45562831,0.595,0,0,0,0.877,0,0,0,0,17,2,0,0,0,0,22,3,0.297,0,0.158,0,0,0.138,1.851,2.03,0,0,0,0,2.348
75,0,0.004,34.12,0.217,0,4.409,22.56,173725104,0,0,0,0,0,0,0,14,0,31,6,145,22.56,0,0,34,18,1.013,0,0,0.175,2.47,0,0.068,0.078,0.952,0,0,0,27.81
76,0,0.01,61.5,3.884,0,1.11,3.422,12693265,0,0,0,0,0,0.111,3.092,2,0,10,1,0,3.422,1.826,0,6,4,1.63,0,0,0,2.378,0,0.074,0.136,0,0,0,0,4.756
77,0,0,0,0,0,0,0,10542320,0,0,0,0,0,0,0,0,0,10,0,0,0,0,0,11,1,0,0,0,0,0,0,0,0,0,0,0,0,0
78,0,0.16,13.83,2.077,0,0.013,9.754,7715830,0,0,0,0.131,0,0.014,9.427,2,0,10,0,54.9,9.754,3.294,0,14,2,0.827,0,0.016,0.052,3.492,0.003,0.133,0.007,0.029,0,0,0,39.09
79,0,0,58.24,1.238,0,0,0.001,115347100,0,3,0,0.123,0,0,0,7,0,20,9,238,0.001,0.003,0.024,39,15,0,0,0,0,13.85,0,0.124,0.043,0,0,0.028,9,7.956
80,0,0.051,23.54,7.302,0,0.013,3.702,13588660,0,0,0,0,0,0,0.413,8,0,9,0,0,3.702,7.754,0.145,2,0,2.369,0,0,0,1.819,0,0.429,0,0,0,0,0,34.32
81,0,0,0,0,0,0,0,13396515,0,0,0,0,0,0,0,7,0,16,2,0,0,0,0,7,4,0,0,0,0,0,0,0,0,0,0,0,0,0
82,0,0,58.17,4.889,0,0.083,3.084,29718123,0,0,0,0,0,0,0,5,0,13,2,413.7,3.084,0.212,0.334,6,0,3.741,0,0,0,2.259,0,0.191,0,0,0,0,0,2.972
83,0,0,58.17,4.889,0,0.083,3.084,29718123,0,0,0,0,0,0,0,5,0,13,2,413.7,3.084,0.212,0.334,6,0,3.741,0,0,0,2.259,0,0.191,0,0,0,0,0,2.972
84,0,0,62.21,1.612,0,19.86,1.012,70425756,0,0,0,0,0.367,0,0,9,0,34,2,370.4,1.012,0.071,0,14,49,2.069,0,0,0,0.716,0,0.004,0,0,0,0,0,4.871
85,0,0,0,0,0,0,0,9128600,0,0,0,0,0,0,0,1,0,6,0,193.4,0,0,0,8,0,0,0,0,0,0,0,0,0,0,0,0,0,0
86,0,0.037,52.42,5.666,0,0.001,1.097,32330402,0,0,0,0,0,0,0,4,0,8,0,0,1.097,0.175,0,4,1,6.476,0,0.008,1.544,1.434,0,0.083,0,0,0,0,0,16.29
87,0,0,0,0,0,0,0,25459027,0,0,0,0,0,0,0,2,0,7,0,77,0,0,0,8,1,0,0,0,0,0,0,0,0,0,0,0,0,0
88,0,0.184,24.65,5.739,0,0.017,5.238,111180300,0,0,0.004,0,0,0.105,0,10,0,10,1,59.9,5.238,9.458,0.072,14,12,2.128,0,0.006,0.013,2.78,0.019,0.196,0,0,0,0,0,41.35
89,0,0,0,0,0,0,0,55146515,0,0,0,0,0,0,0,6,0,8,1,133.8,0,0,0,6,0,0,0,0,0,0,0,0,0,0,0,0,0,0
90,0,0.248,29.06,1.764,0,0.011,11.96,78474878,0,0,0,0,0,0.717,0.467,11,0,23,2,36,11.96,1.103,0,21,9,1.112,0,0,0,2.153,0,0.047,0,0,0,0,1,48.73
91,0,0,62.94,1.025,0,4.868,7.415,45338913,0,0,0,0,1.638,0,0,5,0,26,2,217.7,7.415,0.34,0,11,39,0.764,0,0,0,2.222,0,0.202,0,0,0,0,1,13.19
92,0,0.125,32.58,1.734,0,0.684,7.335,14141100,0,0,0,0,2.108,0.101,1.691,2,0,6,0,0,7.335,6.443,0,13,0,1.295,0,0,0,1.432,0,0.203,0.166,0.056,0,0.754,0,26
93,0,0.115,50.28,2.784,0,1.247,3.983,14171000,0,0,0,0,0,0,0.577,5,0,12,1,0,3.983,3.42,0.33,16,0,3.468,0,0,0,1.641,0,0.191,0.185,0,0,0,0,17.28
94,0,0.071,6.048,2.571,0,0.359,1.17,205314480,0,0,0.925,0,0,0.232,0.111,0,0,5,0,0,1.17,6.415,0,3,3,0.412,0,0,0,3.069,0.033,0.076,0.293,0,0,0,0,36.08
95,0,0,0,0,0,0,0,13076400,0,0,0,0,0,0,0,5,0,50,3,0,0,0,0,19,26,0,0,0,0,0,0,0,0,0,0,0,0,0
96,0,0,0,0,0,0,0,6728689,0,0,0,0,0,0,0,1,0,2,0,0,0,0,0,13,0,0,0,0,0,0,0,0,0,0,0,0,0,0
97,0,0,56.61,1.166,0,0,10.65,54590400,0,0,0,0,0,0,0.512,2,0,12,2,0,10.65,0.168,0,14,2,2.186,0,0,0,1.737,0,0,0.155,0.066,0,0,0,22.31
98,0,0.034,69.26,13.62,0,1.369,0.003,67855801,0,0,0,0,0.216,0,0,2,0,4,0,900.7,0.003,0,0,12,0,2.853,0,0,0,3.911,0,0.061,0,0,0,0,0,0.954
99,0,0,0,0,0,0,0,9057020,0,0,0,0,0,0,0,7,0,3,0,0,0,0,0,7,0,0,0,0,0,0,0,0,0,0,0,0,0,0
100,0,0.115,50.28,2.784,0,1.247,3.983,14171000,0,0,0,0,0,0,0.577,5,0,12,1,0,3.983,3.42,0.33,16,0,3.468,0,0,0,1.641,0,0.191,0.185,0,0,0,0,17.28
101,0,0.077,5.159,5.299,0,0.173,0.971,21008807,0,0,0,0.019,0,0.572,0,1,0,2,0,0,0.971,9.984,0,3,1,6.121,0,0,0,1.671,0,0.245,0.354,0,0,0,1,46.17
102,0,0,0.183,0,0,0.001,0,15408100,0,0,0,0,0,0,0,0,0,8,0,72.5,0,0,0,9,1,0,0,0,0,0,0,0.2,0,0,0,0,0,0
103,0,0,63.19,1.854,0,0.429,2.639,15196885,0,0,0,0,0,0.168,0,1,0,6,2,0,2.639,1.528,0,4,0,1.832,0,0,1.81,3.124,0,0.174,0,0,0,0,0,13.01
104,0,0,52.46,2.488,0,1.094,2.041,30723400,0,0,0,0,0,0.177,0.005,0,0,6,2,17.4,2.041,0.681,0,6,0,2.957,0,0,0,1.496,0,0.458,0,0,0,0,0,16.4
105,0,0,0,0,0,0,0,6479975,0,0,0,0,0,0,0,0,0,4,0,63.4,0,0,0,29,1,0,0,0,0,0,0,0,0,0,0,0,0,0
106,0,0.144,16.47,8.564,0,6.528,2.562,10987900,0,0,0,0,0,0,0.245,5,0,10,0,10.5,2.562,0.011,0.137,14,1,1.438,0,0,2.013,7.338,0,0.174,0.213,0,0,0,1,22.37
107,0,0,60.99,2.671,0,2.116,6.639,142585895,0,0,0,0,0,0,0,4,0,32,10,0,6.639,1.739,0.053,51,20,4.167,0,0,0.099,0.349,0,0.096,0,0,0,0,0,18.16
108,0,0.177,65.46,2.527,0,0,4.066,24864922,0,0,0.059,0.079,0,0,3.455,5,0,14,3,68.4,4.066,0.429,0,9,0,2.798,0,0,0.14,1.318,0,0.068,0,0,0,0,1,9.53
109,0,0.248,29.06,1.764,0,0.011,11.96,78474878,0,0,0,0,0,0.717,0.467,11,0,23,2,36,11.96,1.103,0,21,9,1.112,0,0,0,2.153,0,0.047,0,0,0,0,1,48.73
110,0,0,0,0,0,0,0,7925700,0,1,0,0,0,0,0,0,0,1,1,0,0,0,0,2,0,0,0,0,0,0,0,0,0,0,0,0,0,0
111,0,0.662,4.768,6.235,0.167,1.409,2.005,6994100,0,0,0.579,0,0,0.458,0,0,0,54,2,110.2,2.005,21.87,0,22,93,0,0,1.349,0,0.195,0,0,0,1.005,0,0.464,0,16.8
112,0,0.063,26.76,2.244,0,3.369,8.659,15725400,0,0,0,0,0,0.066,1.36,21,0,12,1,190.1,8.659,0.446,0.046,14,0,2.334,0,0,0.796,2.165,0.252,0.07,0,0,0,0,0,32.53
113,0,0.45,27.24,7.694,0,0.93,3.745,63357543,0,0,0.21,0.134,0,0,0,1,0,20,7,334.2,3.745,1.901,0.681,26,12,3.602,0,0,0,2.647,0,0.393,0,0,0,0,0,41
114,0,0,79.25,2.56,0,1.952,1.953,44353830,0,0,0,0,0,0,0,3,0,9,1,202.7,1.953,0.026,0,10,0,4.657,0,0,0,0.236,0,0.036,0,0,0,0.379,0,4.136
115,0,0,60.42,7.334,0,0.259,0.006,46817650,0,0,0,0,3.01,0,0,6,0,8,0,0,0.006,0,0.005,6,0,5.818,0,0,0,1.371,0,0.893,0,0,0,0,0,6.118
116,0,1.005,16.6,3.983,0,0.106,0.427,6664424,0,0,0,1.254,0,0.151,0,0,0,10,0,0,0.427,12.89,1.135,8,0,1.308,0,0,0,1.175,0.001,0.315,0,0,0,0,0,42.43
117,0,0.026,44.48,4.689,0,0.61,3.931,75319706,0,0,0,0.007,0,0,0.348,4,0,22,2,87.4,3.931,0.236,2.28,26,3,4.909,0,0,0,1.061,0,0.318,0.042,0,0,2.229,0,22.98
118,0,0.225,9.485,3.354,0,1.516,5.752,12119800,0,0,0.274,0,0,2.193,10.72,1,0,6,0,0,5.752,4.941,0,20,0,2.155,0,0.01,0.005,2.891,0,0.343,0.016,0,0,0,0,39.7
119,0,0.115,50.28,2.784,0,1.247,3.983,14171000,0,0,0,0,0,0,0.577,5,0,12,1,0,3.983,3.42,0.33,16,0,3.468,0,0,0,1.641,0,0.191,0.185,0,0,0,0,17.28
120,0,0,51.98,4.213,0,14.66,3.523,89256093,0,0,0,0,0.027,0,0.266,8,0,14,2,946,3.523,0,0.698,20,55,6.07,0,0,0.023,1.151,0.126,0.913,0,0,0.728,0,0,11.42
121,0,0,0,0,0,0,0,25459027,0,0,0,0,0,0,0,2,0,7,0,77,0,0,0,8,1,0,0,0,0,0,0,0,0,0,0,0,0,0
122,0,0,0.183,0,0,0.001,0,18212374,0,0,0,0,0,0,0,4,0,7,2,0,0,0,0,7,0,0,0,0,0,0,0,0.2,0,0,0,0,0,0
123,0,0.063,42.79,2.899,0,2.103,8.281,41719100,0,0,0,0,0,0.016,0.244,6,0,13,3,63.8,8.281,1.349,0.1,13,1,3.466,0,0,3.346,1.811,0,0.029,0.204,0,0,0,2,23.78
124,0,0,58.17,4.889,0,0.083,3.084,29718123,0,0,0,0,0,0,0,5,0,13,2,413.7,3.084,0.212,0.334,6,0,3.741,0,0,0,2.259,0,0.191,0,0,0,0,0,2.972
125,0,0.103,14.55,2.827,0,0.226,6.104,10012200,0,0,0,0,0,0.115,15.22,2,0,4,0,782.9,6.104,5.152,0,10,0,1.816,0,0,0.004,3.362,0,0.328,0,0,0,0,0,39.78
126,0,0,67.45,4.539,0,0.019,0,30887203,0,0,0,0,0,0,0.398,9,0,12,2,0,0,0,0.05,7,0,4.108,0,0,0,0.257,0,0.08,0,0,0,0,0,4.498
127,0,0,0,0,0,0,0,243090896,0,0,0,0,0,0,0,19,0,35,9,263.7,0,0,0,53,24,0,0,0,0,0,0,0,0,0,0,0,0,0
128,0,0,0,0,0,0,0,42733372,0,8,0,0,0,0,0,2,0,14,2,114,0,0,0,19,60,0,0,0,0,0,0,0,0,0,0,0,8,0
129,0,0,0,0,0,0,0,258099398,0,0,0,0,0,0,0,6,0,25,4,115.8,0,0,0,29,6,0,0,0,0,0,0,0,0,0,0,0,0,0
130,0,0,41.82,3.843,0,1.998,6.958,17769651,0,0,0.974,0,0,0,0.258,7,0,13,0,0,6.958,0.989,0,14,0,0.838,0,0,1.275,1.439,0,0.13,0.458,0,0,0,0,30.03
131,0,0.011,21.28,15.95,0,0.02,0.165,6512200,0,0,0,0,0,0,0,1,0,1,0,0,0.165,1.192,0,3,0,6.944,0,2.399,0,2.908,1.14,0.387,0,0,0,0,0,11.97
132,0,0,74.05,0.919,0,0.554,5.957,53856950,0,1,0.033,0,0,0,0,3,0,9,2,0,5.957,0,0,11,1,0.015,0,0,1.431,1.452,0.371,0.091,0,0,0.001,0,0,11.61
133,0,0,0.183,0,0,0.001,0,8590287,0,0,0,0,0,0,0,0,0,5,0,0,0,0,0,8,0,0,0,0,0,0,0,0.2,0,0,0,0,0,0
134,0,0.027,39.38,2.956,0,2.737,3.75,11172900,0,0,0,0,0,0.002,2.711,1,0,4,0,0,3.75,3.086,0,9,0,0.967,0,0.012,0,3.3,0,0.086,0.029,0,0,0,0,23.42
135,0,0,0,0,0,0,0,22309790,0,0,0,0,0,0,0,4,0,8,0,0,0,0,0,15,0,0,0,0,0,0,0,0,0,0,0,0,0,0
136,0,0,0,0,0,0,0,67154587,0,0,0,0,0,0,0,3,0,10,4,211.3,0,0,0,29,6,0,0,0,0,0,0,0,0,0,0,0,0,0
137,0,0,0,0,0,0,0,4759800,0,0,0,0,0,0,0,0,0,1,0,0,0,0,0,2,0,0,0,0,0,0,0,0,0,0,0,0,0,0
138,0,0.316,47.62,2.947,0,0.155,8.003,15020300,0,0,0,0,0,0,2.477,4,0,9,2,0,8.003,2.235,0,15,0,1.836,0,0,0,4.663,0,0.528,0.205,0,0,0,0,13.11
139,0,0.049,52,2.388,0,0.01,8.637,43210441,0,0,0,0,0,0,0,2,0,10,1,58.2,8.637,0.007,0.141,11,2,4.425,0,0,0.025,2.558,0,0.152,0.005,0,0,0,0,24.28
140,0,0.123,0.724,2.055,0,0.004,0.143,32068500,0,0,0,0,0,0.1,0,0,0,6,0,0,0.143,1.645,0,3,1,1.298,0,0,0,0.062,0,0.552,0,0,0,0,0,7.151
141,0,0,60.42,7.334,0,0.259,0.006,46817650,0,0,0,0,3.01,0,0,6,0,8,0,0,0.006,0,0.005,6,0,5.818,0,0,0,1.371,0,0.893,0,0,0,0,0,6.118
142,0,0,0.183,0,0,0.001,0,18212374,0,0,0,0,0,0,0,4,0,7,2,0,0,0,0,7,0,0,0,0,0,0,0,0.2,0,0,0,0,0,0
143,0,0.013,42.11,9.954,0,1.23,2.4,46448502,0,2,0,0,0,0,0,2,0,22,3,26.1,2.4,0.039,0.068,26,10,6.196,0,0.065,0.029,3.881,0,0.298,0,0,0.128,0,0,5.218
144,0,0,0.183,0,0,0.001,0,7907094,0,0,0,0,0,0,0,0,0,5,0,8.9,0,0,0,6,1,0,0,0,0,0,0,0.2,0,0,0,0,0,0
145,0,0,71.78,3.406,0,0,0.589,31990392,0,0,0,0,0,0,0.379,4,0,11,2,164.1,0.589,0,0,8,0,3.652,0,0.017,1.62,1.193,0,0,0,0,0,0,0,7.267
146,0,0,0,0,0,0,0,17023196,0,0,0,0,0,0,0,10,0,10,0,78.1,0,0,0,6,0,0,0,0,0,0,0,0,0,0,0,0,0,0
147,0,0,56.57,3.388,0,0.003,0.903,28106960,0,0,0,0,0,0,0,5,0,10,0,0,0.903,0,0,8,0,8.597,0,0,0.332,0.07,0,0.05,0,0,0,0,2,9.142
148,0,0.013,42.11,9.954,0,1.23,2.4,46448502,0,2,0,0,0,0,0,2,0,22,3,26.1,2.4,0.039,0.068,26,10,6.196,0,0.065,0.029,3.881,0,0.298,0,0,0.128,0,0,5.218
149,0,0,0,0,0,0,0,194148049,0,0,0,0,0,0,0,15,0,23,8,436.7,0,0,0,42,16,0,0,0,0,0,0,0,0,0,0,0,0,0
150,0,0,0,0,0,0,0,18885684,0,0,0,0,0,0,0,9,0,9,1,393.6,0,0,0,7,0,0,0,0,0,0,0,0,0,0,0,0,0,0
151,0,0.123,0.724,2.055,0,0.004,0.143,32068500,0,0,0,0,0,0.1,0,0,0,6,0,0,0.143,1.645,0,3,1,1.298,0,0,0,0.062,0,0.552,0,0,0,0,0,7.151
152,0,0.2,34.62,6.414,0,0.588,5.717,14491992,0,6,0,0,0,0.208,1.322,11,0,8,2,0,5.717,3.149,0.179,14,0,4.367,0,0,0,2.612,0,0.523,0.018,0,0,0,2,13.06
153,0,0,67.44,4.12,0,0.126,0.281,22582916,0,0,0,0,0,0,5.986,6,0,9,2,0,0.281,0,0,8,0,3.623,0,0,0,0.349,0,0.117,0,0,0,0,0,1.599
154,0,0,3.908,2.609,0,1.336,0.729,3070534,0,0,0,0,0,0,0,8,0,6,0,22.5,0.729,0,0,7,1,0.777,0,0.005,0,0.653,0,0.193,0,0,0,0,0,1.187
155,0,0,68.08,3.763,0,0.109,0.805,29600507,0,0,0,0,0,0,0.016,5,0,12,2,44.7,0.805,0.564,0.092,8,0,3.794,0,0,0,1.57,0,0.011,0,0,0,0,1,2.083
156,0,0,60.42,7.334,0,0.259,0.006,46817650,0,0,0,0,3.01,0,0,6,0,8,0,0,0.006,0,0.005,6,0,5.818,0,0,0,1.371,0,0.893,0,0,0,0,0,6.118
157,0,0.123,0.724,2.055,0,0.004,0.143,32068500,0,0,0,0,0,0.1,0,0,0,6,0,0,0.143,1.645,0,3,1,1.298,0,0,0,0.062,0,0.552,0,0,0,0,0,7.151
158,0,0.097,67.64,4.39,0,0.38,0.641,7827492,0,0,0,0,0,0,2.62,1,0,8,2,0,0.641,0.256,0,9,0,1.15,0,0,1.032,2.048,0,0.003,0,0,0,0,0,4.326
159,0,0.344,34.47,1.806,0,1.115,10.3,14537784,0,0,0,0,0,0.026,0.139,5,0,10,0,0,10.3,1.965,0.034,17,0,1.801,0,0,0.842,2.961,0.027,0.202,0.04,0.291,0,0,0,24.48
160,0,0,28.03,7.013,0,0.894,0.375,19560535,0,0,0.025,0,0,0,0,2,0,8,2,0,0.375,0.379,0,9,0,3.935,0,0,0.216,2.872,0.788,0.333,0.389,0,0,0,0,30.64
161,0,0,0,0,0,0,0,30438942,0,0,0,0,0,0,0,4,0,6,0,0,0,0,0,4,1,0,0,0,0,0,0,0,0,0,0,0,0,0
162,0,0.46,4.56,6.518,0,7.118,4.028,12118100,0,0,0.144,0,0,0,0,1,0,1,1,0,4.028,3.469,0,2,0,1.701,0,0,0.683,1.804,0,0.326,0.262,0,0,0,0,42.82
163,0,0,0,0,0,0,0,9889800,0,0,0,0,0,0,0,0,0,2,0,0,0,0,0,37,3,0,0,0,0,0,0,0,0,0,0,0,0,0
164,0,0.46,4.56,6.518,0,7.118,4.028,12118100,0,0,0.144,0,0,0,0,1,0,1,1,0,4.028,3.469,0,2,0,1.701,0,0,0.683,1.804,0,0.326,0.262,0,0,0,0,42.82
165,0,0.027,39.38,2.956,0,2.737,3.75,11172900,0,0,0,0,0,0.002,2.711,1,0,4,0,0,3.75,3.086,0,9,0,0.967,0,0.012,0,3.3,0,0.086,0.029,0,0,0,0,23.42
166,0,0,0,0,0,0,0,22667300,0,0,0,0,0,0,0,2,0,5,0,134.1,0,0,0,42,0,0,0,0,0,0,0,0,0,0,0,0,0,0
167,0,0,34.59,5.059,0,0.19,2.385,16124251,0,0,0,0,0,0.331,0,12,0,9,0,0,2.385,1.791,0.005,1,0,2.836,0,0,0,3.343,0,0.146,0,0,0,0,0,25.17
168,0,0,0.183,0,0,0.001,0,18212374,0,0,0,0,0,0,0,4,0,7,2,0,0,0,0,7,0,0,0,0,0,0,0,0.2,0,0,0,0,0,0
169,0,0.155,49.33,5.808,0,0.278,5.277,12162100,0,0,0,0,0,0,0,0,0,3,0,0,5.277,1.26,0,20,4,2.843,0,0.008,0.141,4.642,0,0.131,0,0,0,0,5,6.796
170,0,0.14,18.12,7.951,0,0.976,4.946,14913900,0,0,0,1.454,0,0,0.916,4,0,8,0,0,4.946,2.342,0.002,2,0,4.516,0,0.012,0,5.384,0.003,0.271,0,0,0,0,0,22.67
171,0,0,72.19,0.653,0,20.74,0,63060594,0,0,0,0,0.895,0,0,13,0,21,8,161.1,0,0,0,40,15,0.056,0,0,0,1.548,0,0.056,0,0,0,0,3,0
172,0,0.224,5.636,8.049,0,4.426,3.317,5420500,0,0,0,0,0,0.018,0,0,0,13,2,65.4,3.317,5.536,0,11,0,0.684,0,0.007,0.02,0.135,5.947,2.631,0.504,0.038,0.002,0,0,13.24
173,0,0.001,34.75,5.35,0,0.33,11.7,17822500,0,0,0.011,0,0,0.033,11.34,2,0,7,0,85.9,11.7,1.349,0.101,6,0,1.513,0,0.151,0.233,1.475,0,0.13,0.304,0,0,0,0,14.36
174,0,0.013,44.23,3.908,0,4.053,7.348,15068300,0,0,0,0,0.036,0,0.273,6,0,13,0,0,7.348,1.265,0.453,10,3,5.863,0,0,0,1.356,0,0.022,0,0,0,1.248,0,22.1
175,0,0,0.183,0,0,0.001,0,0,0,0,0,0,0,0,0,0,0,1,0,0,0,0,0,8,0,0,0,0,0,0,0,0.2,0,0,0,0,0,0
176,0,0.186,46.82,2.43,0,0.014,3.44,49538963,0,0,0.007,0,0,0,0,9,0,31,2,133.2,3.44,1.721,0,13,49,2.484,0,0,0.011,2.942,0.001,0.163,0,0,0,0,1,35.05
177,0,0,0,0,0,0,0,18074322,0,0,0,0,0,0,0,3,0,8,3,0,0,0,0,8,0,0,0,0,0,0,0,0,0,0,0,0,0,0
178,0,0.247,40.99,4.057,0,0.526,11.04,27664496,0,0,0,0,0,0,0,2,0,51,3,0,11.04,0.037,0,23,27,1.797,0,0,0,2.168,0,0.516,0.074,6.062,0,0.047,0,28.44
179,0,0.028,51.78,1.808,0,0.078,3.405,38034736,0,0,0,0.024,0,0.001,5.204,4,0,8,0,0,3.405,0.56,0.714,6,1,0.302,0,0,0.313,4.386,0,0.721,0.066,0,0,0,0,21.54
180,0,0,86.7,1.977,0,0.793,0,100781450,0,0,0,0,0,0,0,10,0,20,6,72.9,0,0,0,33,14,2.117,0,0,0,0.897,0,0.188,0,0,0,0,12,0.056
181,0,0,0,0,0,0,0,230558000,0,0,0,0,0,0,0,1,0,26,1,75.9,0,0,0,18,75,0,0,0,0,0,0,0,0,0,0,0,0,0
182,0,0,27.2,3.303,0,1.46,0.007,14747069,0,0,0,0,0.012,0,0,2,0,27,0,83.2,0.007,0.006,0,9,38,0.08,0,0.009,0,1.009,0.676,0.021,0,0,0,0,0,0.401
183,0,0,68.12,3.676,0,1.26,2.294,24196649,0,0,0,0,0,0,0,1,0,3,1,68.8,2.294,1.282,0.027,7,0,2.12,0,0.001,0,1.914,0,0.313,0,0,0,0,0,2.647
184,0,0,0,0,0,0,0,10081954,0,0,0,0,0,0,0,1,0,4,0,0,0,0,0,10,0,0,0,0,0,0,0,0,0,0,0,0,0,0
185,0,0.344,34.47,1.806,0,1.115,10.3,14537784,0,0,0,0,0,0.026,0.139,5,0,10,0,0,10.3,1.965,0.034,17,0,1.801,0,0,0.842,2.961,0.027,0.202,0.04,0.291,0,0,0,24.48
186,0,0.124,5.872,2.844,0,0.657,11.11,11332600,0,0,0,0,0,0.383,6.532,0,0,6,0,0,11.11,6.967,0,4,0,1.187,0,0,0.276,3.453,0,0.494,0,0,0,0,0,40.4
187,0,0,33.41,3.639,0,0.175,0.133,1939811,0,0,0,0,0,0,6.373,1,0,9,0,0,0.133,3.542,0,13,0,2.606,0,0,0.09,0.427,0,0.15,0,0,0,0,0,14.1
188,0,0.051,64.37,0.631,0,3.815,3.023,57386832,0,0,0,0.074,0,0,0,6,0,14,1,0,3.023,0,1.326,10,0,6.329,0,0,0,3.065,0,0.241,0.011,0,0,0,0,9.78
189,0,0.185,35.5,8.259,0,0.366,2.781,70138007,0,0,0.005,0,0,0,0,8,0,34,2,0,2.781,0.553,0,26,25,2.633,0,0,0.007,5.984,0,0.268,0,0,0,0,1,30.68
190,0,0,0,0,0,0,0,10913000,0,0,0,0,0,0,0,0,0,6,0,0,0,0,0,32,0,0,0,0,0,0,0,0,0,0,0,0,0,0
191,0,0.045,70.78,6.43,0,0,0.352,82070307,0,0,0,0.085,0,0,0,5,0,10,0,74.6,0.352,0.015,0.2,15,27,5.34,0,0,0,3.068,0,0.146,0,0,0,0,90,1.818
192,0,0.063,36.87,7.424,0,2.586,0.572,32757103,0,0,0,0,0,0,0,4,0,8,0,186.5,0.572,0,1.834,7,1,4.461,0,0.022,0.588,0.747,0,0.528,0.281,0,0,0,0,14.76
193,0,0.123,63.42,3.041,0,0.005,1.478,105228521,0,0,0,0,0,0,0,13,0,50,1,280,1.478,0,0.019,18,90,4.2,0,0,0.074,2.258,0,0.09,0,0,0,0,12,7.114
194,0,0.128,11.47,2.18,0,0.261,11.3,7617900,0,0,0.164,0,0,0,8.606,1,0,4,0,0,11.3,4.915,0,4,0,0.774,0,0,0.46,4.016,0,0.385,0,0,0,0,0,35.4
195,0,0.121,33.62,2.714,0,0.381,12.46,12772800,0,0,0,0,0,0.016,2.131,18,0,12,0,0,12.46,2.172,0,8,0,2.039,0,0,0.024,2.116,0,0.18,0.177,0,0,0,0,35.34
196,0,0.051,64.37,0.631,0,3.815,3.023,57386832,0,0,0,0.074,0,0,0,6,0,14,1,0,3.023,0,1.326,10,0,6.329,0,0,0,3.065,0,0.241,0.011,0,0,0,0,9.78
197,0,0.039,59.33,3.479,0,0.017,0.382,34628306,0,5,0,0,0.042,0,0,3,0,8,0,168.1,0.382,0,0,7,1,3.796,0,0,1.693,1.134,0,0.069,0,0,0,0,2,18.82
198,0,0.005,19.99,2.658,0,0.021,4.434,8509523,0,0,0.264,0,0,0.095,0.026,1,0,17,2,0,4.434,5.128,0.055,14,0,1.004,0,0,0.823,1.126,0.148,0.132,0.208,1.556,0,0,1,46.7
199,0,0.031,70.45,2.996,0,0.303,0.005,11216128,0,0,0,0,0.005,0,0,0,0,5,1,0,0.005,0,0,9,0,2.564,0,0,0,2.824,0,0.301,0,0,0,0,0,4.904
200,0,0.018,23.85,7.066,0,1.619,0.236,120456350,0,0,0,0,0,0.224,0,3,0,21,3,0,0.236,5.788,0.27,35,5,2.553,0,0,0,2.429,0,0.248,0.707,0.15,0,0,0,13.28
201,0,0.02,47.29,1.212,0,4.865,5.915,8715132,0,0,0,0,0,0.04,2.119,0,0,6,0,0,5.915,4.9,0.002,3,0,1.003,0,0.474,0,3.439,0,0.254,0.718,0,0,0,0,8.924
202,0,0.662,4.768,6.235,0.167,1.409,2.005,6994100,0,0,0.579,0,0,0.458,0,0,0,54,2,110.2,2.005,21.87,0,22,93,0,0,1.349,0,0.195,0,0,0,1.005,0,0.464,0,16.8
203,0,0,47.71,3.648,0,2.135,3.195,17477165,0,1,0,0,0,0.05,0.447,2,0,19,0,45.3,3.195,2.474,0,16,1,4.167,0,0,0,2.257,0,0.036,0.002,0,0,0,6,17.04
204,0,0,50.12,6.65,0,2.184,0.395,41901034,0,0,0,3.501,0,0,0,15,0,30,1,480.6,0.395,0.36,1.427,19,40,3.621,0,0,0,0.699,0,0.075,0,0,0,0,1,3.621
205,0,0.184,32.34,4.449,0,0.524,9.962,20367994,0,0,0,0,0.128,0,1.3,7,0,12,0,48.4,9.962,1.416,0,15,0,0.481,0,0,0.744,2.348,0.599,0.198,0.269,0,0,0,0,26.31
206,0,0,0,0,0,0,0,88410300,0,0,0,0,0,0,0,0,0,12,5,105,0,0,0,33,7,0,0,0,0,0,0,0,0,0,0,0,0,0
207,0,0.07,49.2,4.323,0,0.797,3.959,17930891,0,0,0,0,0.512,0,0.883,2,0,7,0,0,3.959,0.886,0,12,0,2.425,0,0,0,2.084,0.486,0.029,0.28,0,0,0,0,10.12
208,0,0,51.98,4.213,0,14.66,3.523,89256093,0,0,0,0,0.027,0,0.266,8,0,14,2,946,3.523,0,0.698,20,55,6.07,0,0,0.023,1.151,0.126,0.913,0,0,0.728,0,0,11.42
209,0,0,0,0,0,0,0,13163200,0,0,0,0,0,0,0,3,0,4,0,0,0,0,0,6,0,0,0,0,0,0,0,0,0,0,0,0,0,0
210,0,0.597,40.6,1.57,0,0.025,9.659,12937000,0,0,0,0,0,0,3.141,0,0,9,2,0,9.659,8.465,0,6,2,1.413,0,0,0.099,1.167,0,0.193,0,0,0,0,0,19.53
211,0,0,62.94,1.025,0,4.868,7.415,45338913,0,0,0,0,1.638,0,0,5,0,26,2,217.7,7.415,0.34,0,11,39,0.764,0,0,0,2.222,0,0.202,0,0,0,0,1,13.19
212,0,0.057,30.05,1.087,0,0.816,17.9,10761400,0,0,0.062,0,0,0,4.511,2,0,11,0,53.5,17.9,2.439,0,12,1,0.237,0,0,0.44,4.238,0,0.151,0,0,0,0,0,28.29
213,0,0,79.25,2.56,0,1.952,1.953,44353830,0,0,0,0,0,0,0,3,0,9,1,202.7,1.953,0.026,0,10,0,4.657,0,0,0,0.236,0,0.036,0,0,0,0.379,0,4.136
214,0,0.004,47.44,4.373,0,0.77,4.962,16318000,0,0,0,0,0,0.036,0.726,0,0,5,0,0,4.962,2.824,0,11,0,2.621,0,0.197,0.665,2.947,0,0.38,0,0,0,0,0,7.688
215,0,0.145,4.843,5.462,0,0.565,10.33,13857215,0,0,0.042,0,0,1.333,1.488,0,0,5,0,0,10.33,2.777,0.001,3,3,1.957,0,0.029,0.169,0.658,0,0.504,0,0,0,0,0,59.65
216,0,0,0.183,0,0,0.001,0,15408100,0,0,0,0,0,0,0,0,0,8,0,72.5,0,0,0,9,1,0,0,0,0,0,0,0.2,0,0,0,0,0,0
217,0,0,0,0,0,0,0,7992432,0,0,0,0,0,0,0,2,0,8,0,0,0,0,0,19,0,0,0,0,0,0,0,0,0,0,0,0,0,0
218,0,0.185,35.5,8.259,0,0.366,2.781,70138007,0,0,0.005,0,0,0,0,8,0,34,2,0,2.781,0.553,0,26,25,2.633,0,0,0.007,5.984,0,0.268,0,0,0,0,1,30.68
219,0,0,0.183,0,0,0.001,0,343489900,0,0,0,0,0,0,0,2,0,22,8,880.69,0,0,0,32,12,0,0,0,0,0,0,0.2,0,0,0,0,0,0
220,0,0,58.47,3.348,0,0.38,2.136,40550514,0,0,0,0,0,0,0,5,0,7,2,0,2.136,0.131,1.067,7,0,4.119,0,0,0.167,2.303,0,0.247,0,0,0,0,0,18.73
221,0,0,45.21,7.196,0,6.358,1.885,21661547,0,0,0,0,0,0,0,9,0,19,0,170.6,1.885,0.321,0,11,25,1.451,0,0,0,1.669,0,0.441,0,0,0,0,2,1.88
222,0,0,1.121,0,0,45.47,0.047,167016266,0,1,0,0,15.92,0,0.147,16,0,23,8,912.9,0.047,0,0,44,16,0,0,0,0,0,0,0.03,0.144,0,17.43,0,0,0
223,0,0,0,0,0,0,0,13692380,0,0,0,0,0,0,0,0,0,3,0,0,0,0,0,1,0,0,0,0,0,0,0,0,0,0,0,0,0,0
224,0,0.067,62.46,3.427,0,0.752,1.01,19025825,0,0,0,0,0,0.009,0,3,0,12,0,0,1.01,2.521,0.396,11,1,9.843,0,0,0.037,1.729,0,0,0,0,0,0,4,5.914
225,0,0.016,21,2.595,0,0.059,11.72,14770000,0,0,0,0,0,0.019,3.398,0,0,2,0,0,11.72,6.331,0,9,0,2.534,0,0,0.329,1.982,0,1.132,0,0.025,0,0.097,0,28.4
226,0,0,63.78,3.326,0,0,2.519,33116124,0,0,0,0,0,0,0.082,3,0,6,0,0,2.519,0.267,0,4,1,3.682,0,0,0.045,2.689,0,0.063,0,0,0,0,0,10.48
227,0,0,3.949,0.371,0,0.073,1.929,8283200,0,0,0,0,0,0,1.268,1,0,5,3,111.4,1.929,0,0,4,0,0.758,0,0,0,0.035,0,0.209,0,0,0,0,0,11.17
228,0,0.079,38.76,3.154,0,0.033,5.728,18023900,0,0,0,0,0,0,0.59,5,0,8,3,0,5.728,0.012,0.66,17,1,4.073,0,0,0.132,0.805,0,0.103,0,0,0,0,1,20.4
229,0,0,0,0,0,0,0,11270000,0,0,0,0,0,0,0,0,0,3,0,0,0,0,0,10,0,0,0,0,0,0,0,0,0,0,0,0,0,0
230,0,0,0,0,0,0,0,230558000,0,0,0,0,0,0,0,1,0,26,1,75.9,0,0,0,18,75,0,0,0,0,0,0,0,0,0,0,0,0,0
231,0,0.099,13.47,3.319,0,1.015,11.95,15943400,0,0,0,0,0,0.747,12.46,2,0,8,0,0,11.95,6.36,0,10,0,1.293,0,0,0.001,1.425,0,0.226,0,0,0,0,0,32.99
232,0,0,0,0,0,0,0,45900625,0,0,0,0,0,0,0,6,0,35,1,0,0,0,0,21,41,0,0,0,0,0,0,0,0,0,0,0,0,0
233,0,0,55.65,3.867,0,1.185,8.013,20011700,0,0,0,0.042,0,0.053,2.527,5,0,8,0,0,8.013,2.109,0,14,0,0.729,0,0,0,2.767,0.121,0.168,0.004,0,0,0,1,4.593
234,0,0,0,0,0,0,0,9934344,0,0,0,0,0,0,0,1,0,3,0,0,0,0,0,1,0,0,0,0,0,0,0,0,0,0,0,0,2,0
235,0,0,64.78,3.871,0,0,0.6,17757257,0,0,0,0,0,0,2.488,4,0,12,2,0,0.6,1.759,0,11,1,3.777,0,0,0,1.976,0,0.131,0,0,0,0,0,3.655
236,0,0,0,0,0,0,0,75773994,0,0,0,0,0,0,0,3,0,18,2,0,0,0,0,13,33,0,0,0,0,0,0,0,0,0,0,0,0,0
237,0,0.185,35.5,8.259,0,0.366,2.781,70138007,0,0,0.005,0,0,0,0,8,0,34,2,0,2.781,0.553,0,26,25,2.633,0,0,0.007,5.984,0,0.268,0,0,0,0,1,30.68
238,0,0.131,50.11,2.741,0,3.019,9.018,12505834,0,0,0,0,0,0,2.076,3,0,13,0,0,9.018,4.616,0.134,14,0,2.509,0,0,0.114,2.777,0,0.232,0,0,0,0,0,13.19
239,0,0.003,60.58,4.338,0,5.358,1.337,22921524,0,0,0,0,0.532,0,0,4,0,14,2,68.4,1.337,0,0,10,0,1.503,0,0,0.453,1.21,0,0.187,0.208,0,0,0,0,8.226
240,0,0,11.6,10.38,0,8.521,0.722,22717900,0,0,0,0,0,0,0,5,0,12,2,0,0.722,0.211,0,9,2,4.88,0,1.125,0.52,0.178,0.25,0.456,0,0,0,0,0,17.79
241,0,0,0.183,0,0,0.001,0,15408100,0,0,0,0,0,0,0,0,0,8,0,72.5,0,0,0,9,1,0,0,0,0,0,0,0.2,0,0,0,0,0,0
242,0,0.079,38.76,3.154,0,0.033,5.728,18023900,0,0,0,0,0,0,0.59,5,0,8,3,0,5.728,0.012,0.66,17,1,4.073,0,0,0.132,0.805,0,0.103,0,0,0,0,1,20.4
243,0,0,0.183,0,0,0.001,0,5054157,0,0,0,0,0,0,0,1,0,3,0,0,0,0,0,7,1,0,0,0,0,0,0,0.2,0,0,0,0,2,0
244,0,0.112,50.23,2.779,0,1.505,7.728,14695932,0,0,0,0,0,0.359,4.87,4,0,6,0,0,7.728,3.173,0.007,9,0,1.25,0,0,0.029,1.039,0,0.163,0.072,0,0,0,0,19.4
245,0,0.247,40.99,4.057,0,0.526,11.04,27664496,0,0,0,0,0,0,0,2,0,51,3,0,11.04,0.037,0,23,27,1.797,0,0,0,2.168,0,0.516,0.074,6.062,0,0.047,0,28.44
246,0,0,64.47,2.905,0,0.008,0.223,31038055,0,0,0,0,0,0,1.645,7,0,14,2,58.5,0.223,0.006,0.207,9,0,4.977,0,0,0,0.288,0,0.167,0,0,0,0,2,14.18
247,0,0.248,29.06,1.764,0,0.011,11.96,78474878,0,0,0,0,0,0.717,0.467,11,0,23,2,36,11.96,1.103,0,21,9,1.112,0,0,0,2.153,0,0.047,0,0,0,0,1,48.73
248,0,0.064,25.35,1.905,0,0.568,4.495,12054156,0,0,0,0,0,0.008,2.718,2,0,8,3,0,4.495,10.22,0,8,0,1.797,0,0.014,0,5.163,0,0.259,0,0,0,0,0,18.71
249,1.783,0,66.22,1.271,0,8.961,0.239,25332093,0,0,0,0,1.008,0,0,9,0,8,1,0,0.239,0.031,0.005,5,0,0.262,0,0.003,0,0.908,0,0.197,0.001,0,5.05,0,0,0.091
250,0,0,56.52,2.423,0,0.585,5.555,14352012,0,0,0,0,0,0,4.317,5,0,10,0,74.8,5.555,0.944,0.146,11,1,2.38,0,0,0.028,2.13,0,0.076,0.154,0,0,0,0,6.986
251,0,0,52.46,2.488,0,1.094,2.041,30723400,0,0,0,0,0,0.177,0.005,0,0,6,2,17.4,2.041,0.681,0,6,0,2.957,0,0,0,1.496,0,0.458,0,0,0,0,0,16.4
252,0,0.007,47.61,1.75,0,1.369,11.12,216805996,0,0,0,0,0,0,0,11,0,29,10,0,11.12,0.391,0,41,19,4.051,0,0,0,3.799,0,0.352,0.115,0,0,0,3,27.67
253,0,0,0,0,0,0,0,65061963,0,0,0,0,0,0,0,4,0,34,2,36.6,0,0,0,21,43,0,0,0,0,0,0,0,0,0,0,0,1,0
254,0,0.15,17.87,2.974,0,3.63,5.868,144135400,0,0,0,0,0,0.022,0.038,3,0,54,3,0,5.868,3.165,0,20,45,3.61,0,0,0.01,1.451,0,0.423,0.23,0,0,0,0,44.24
255,0,0,31.4,3.682,0,0.109,8.633,111686828,0,0,0,0,0,0,0,5,0,14,2,108.1,8.633,0,0.301,18,54,3.772,0,0,0.064,1.221,0,0.05,0,0,0.043,0,1,48.75
256,0,0.132,33.73,3.385,0,5.383,4.856,26550565,0,0,0,0,0.368,0.068,0,0,0,5,0,30.1,4.856,0.436,0,19,1,1.314,0,0,0.231,2.43,1.364,0.21,0.007,0,0,0,0,26.88
257,0,0.079,2.154,1.965,0,0.08,5.324,10694464,0,0,0.041,0,0,1.405,11.17,0,0,4,0,0,5.324,4.161,0,10,0,1.928,0,0,0.08,2.708,0,0.223,0,0,0,0,0,35
258,0,0.013,44.23,3.908,0,4.053,7.348,15068300,0,0,0,0,0.036,0,0.273,6,0,13,0,0,7.348,1.265,0.453,10,3,5.863,0,0,0,1.356,0,0.022,0,0,0,1.248,0,22.1
259,0,0.2,34.62,6.414,0,0.588,5.717,14491992,0,6,0,0,0,0.208,1.322,11,0,8,2,0,5.717,3.149,0.179,14,0,4.367,0,0,0,2.612,0,0.523,0.018,0,0,0,2,13.06
260,0,0.009,50.56,8.765,0,3.609,0.803,76212894,0,1,0,0,0,0,0.052,14,0,25,2,224,0.803,0.027,0,29,6,2.918,0,0,0,4.276,0,0.471,0,0,0,0,0,4.531
261,0,0,26.9,0,0,64.52,0,155106998,0,0,0,0,0.472,0,0,25,0,18,2,341.7,0,0,0,27,3,0,0,0,0,0,0,0.871,0,0,0.037,0,6,0
262,0,0,0,0,0,0,0,12390448,0,0,0,0,0,0,0,1,0,5,0,0,0,0,0,8,0,0,0,0,0,0,0,0,0,0,0,0,0,0
263,0,0.285,36.39,4.507,0,0.558,1.091,11293598,0,0,0,1.172,0,0,0,1,0,16,2,0,1.091,1.092,0,15,1,0.476,0,0,0,2.908,0,0.42,0.013,0,0,0,0,35.12
264,0,0,0,0,0,0,0,12390448,0,0,0,0,0,0,0,1,0,5,0,0,0,0,0,8,0,0,0,0,0,0,0,0,0,0,0,0,0,0
265,0,0.018,23.85,7.066,0,1.619,0.236,120456350,0,0,0,0,0,0.224,0,3,0,21,3,0,0.236,5.788,0.27,35,5,2.553,0,0,0,2.429,0,0.248,0.707,0.15,0,0,0,13.28
266,0,0.195,3.41,0.03,0,0.858,0.78,54203504,6.305,0,5.353,0,0,0.15,0,2,0,16,2,0,0.78,6.91,0,36,4,0,0,0,0.401,3.028,0.412,0.022,0.076,0,0,0,0,34.01
267,0,0.131,4.467,6.103,0,0.201,4.552,10966300,0,0,0.082,0.068,0,0,0,1,0,7,0,0,4.552,1.281,0,9,0,0.572,0,0.052,0.022,2.094,0.05,0.121,0.432,0,0,0,0,39.09
268,0,0,72.55,3.306,0,0.526,2.125,18144100,0,0,0,0,0,0.016,0.399,4,0,5,0,166.8,2.125,1.52,0,15,1,1.86,0,0,0,2.536,0,0.256,0,0,0,0,4,2.212
269,0,0,0,0,0,0,0,6040100,0,0,0,0,0,0,0,0,0,4,0,0,0,0,0,11,1,0,0,0,0,0,0,0,0,0,0,0,0,0
270,0,0,67.44,4.12,0,0.126,0.281,22582916,0,0,0,0,0,0,5.986,6,0,9,2,0,0.281,0,0,8,0,3.623,0,0,0,0.349,0,0.117,0,0,0,0,0,1.599
271,0,0,44.1,6.154,0,0.067,6.862,33613292,0,0,0,0,0,0.001,0.903,1,0,8,0,0,6.862,0.425,0,4,1,4.472,0,0,0.027,2.765,0,0.084,0,0,0,0,0,15.82
272,0,0,44.1,6.154,0,0.067,6.862,33613292,0,0,0,0,0,0.001,0.903,1,0,8,0,0,6.862,0.425,0,4,1,4.472,0,0,0.027,2.765,0,0.084,0,0,0,0,0,15.82
273,0,0,0.183,0,0,0.001,0,15408100,0,0,0,0,0,0,0,0,0,8,0,72.5,0,0,0,9,1,0,0,0,0,0,0,0.2,0,0,0,0,0,0
274,0,0.051,64.37,0.631,0,3.815,3.023,57386832,0,0,0,0.074,0,0,0,6,0,14,1,0,3.023,0,1.326,10,0,6.329,0,0,0,3.065,0,0.241,0.011,0,0,0,0,9.78
275,0,0.04,55.92,8.555,0,0.282,0.175,14893757,0,1,0,0.008,0,0,0,1,0,6,1,54.6,0.175,1.899,0,15,0,1.21,0,0,0,1.886,0,0.098,0,0,0.279,0,0,3.031
276,0,0,42.49,3.68,0,1.048,4.192,13868900,0,0,0.168,0,0,0,0,3,0,12,0,0,4.192,9.829,0.09,14,0,0.485,0,0.002,0,1.937,0,0.094,0.06,0,0,0,0,15.53
277,0,0.013,44.23,3.908,0,4.053,7.348,15068300,0,0,0,0,0.036,0,0.273,6,0,13,0,0,7.348,1.265,0.453,10,3,5.863,0,0,0,1.356,0,0.022,0,0,0,1.248,0,22.1
278,0,0.018,23.85,7.066,0,1.619,0.236,120456350,0,0,0,0,0,0.224,0,3,0,21,3,0,0.236,5.788,0.27,35,5,2.553,0,0,0,2.429,0,0.248,0.707,0.15,0,0,0,13.28
279,0,0.097,48,5.144,0,0.09,3.346,17699016,0,0,0,0,0,0,0,5,0,11,2,0,3.346,1.465,0,14,1,3.847,0,0,0,3.024,0.298,0.37,0.024,0,0,0,0,9.9
280,0,0.053,57.06,8.833,0,0.03,1.556,79757115,0,0,0,0,0,0,0,12,0,29,1,216.9,1.556,0.076,0.398,16,50,8.239,0,0,0,1.145,0,0.195,0,0,0,0,1,6.931
281,0,0,44.89,3.324,0,1.152,9.411,15805684,0,0,0,0.006,0,0,0,1,0,13,1,0,9.411,0.579,0,9,0,1.524,0,0,1.601,0.784,0,0.216,0.495,0,0,0,0,30.12
282,0,0.46,4.56,6.518,0,7.118,4.028,12118100,0,0,0.144,0,0,0,0,1,0,1,1,0,4.028,3.469,0,2,0,1.701,0,0,0.683,1.804,0,0.326,0.262,0,0,0,0,42.82
283,0,0,0,0,0,0,0,5315100,0,0,0,0,0,0,0,13,0,35,6,276,0,0,0,36,18,0,0,0,0,0,0,0,0,0,0,0,0,0
284,0,0,0,0,0,0,0,18885684,0,0,0,0,0,0,0,9,0,9,1,393.6,0,0,0,7,0,0,0,0,0,0,0,0,0,0,0,0,0,0
285,0,0.079,38.76,3.154,0,0.033,5.728,18023900,0,0,0,0,0,0,0.59,5,0,8,3,0,5.728,0.012,0.66,17,1,4.073,0,0,0.132,0.805,0,0.103,0,0,0,0,1,20.4
286,0,0,0,0,0,0,0,10243600,0,0,0,0,0,0,0,0,0,3,0,0,0,0,0,3,0,0,0,0,0,0,0,0,0,0,0,0,0,0
287,0,0.357,50.38,5.245,0,0.443,3.416,12725300,0,0,0.027,0,0,0,0.667,3,0,6,2,0,3.416,2.68,0,5,0,1.792,0,0,0.028,2.256,0.118,0.258,0,0,0,0,0,12.4
288,0,0.195,41.81,6.586,0,1.79,3.306,51261813,0,0,0,0,0,0,0,6,0,30,1,102.3,3.306,1.07,0.147,10,40,4.734,0,0,0.231,2.647,0,0.915,0,0,0,0,0,23.99
289,0,0,60.99,2.671,0,2.116,6.639,142585895,0,0,0,0,0,0,0,4,0,32,10,0,6.639,1.739,0.053,51,20,4.167,0,0,0.099,0.349,0,0.096,0,0,0,0,0,18.16
290,0,0,44.1,6.154,0,0.067,6.862,33613292,0,0,0,0,0,0.001,0.903,1,0,8,0,0,6.862,0.425,0,4,1,4.472,0,0,0.027,2.765,0,0.084,0,0,0,0,0,15.82
291,0,0,62.21,1.612,0,19.86,1.012,70425756,0,0,0,0,0.367,0,0,9,0,34,2,370.4,1.012,0.071,0,14,49,2.069,0,0,0,0.716,0,0.004,0,0,0,0,0,4.871
292,0,0,26.9,0,0,64.52,0,155106998,0,0,0,0,0.472,0,0,25,0,18,2,341.7,0,0,0,27,3,0,0,0,0,0,0,0.871,0,0,0.037,0,6,0
293,0,0.293,16.46,4.108,0,0.448,7.328,25535000,0,0,0,0,0,0.171,2.799,1,0,7,0,0,7.328,4.386,1.298,11,0,3.375,0,0,2.457,1.162,0,0.115,0,0,0,0,0,42.93
294,0,0,60.42,7.334,0,0.259,0.006,46817650,0,0,0,0,3.01,0,0,6,0,8,0,0,0.006,0,0.005,6,0,5.818,0,0,0,1.371,0,0.893,0,0,0,0,0,6.118
295,0,0,40.33,5.482,0,0.303,1.517,114039567,0,0,0,0,0,0.228,0.735,9,0,10,2,0,1.517,6.854,0,14,0,3.124,0,0,0,1.651,0,0.087,0.04,0,0,0,0,16.04
296,0,0,0.183,0,0,0.001,0,9983000,0,0,0,0,0,0,0,2,0,6,0,0,0,0,0,11,1,0,0,0,0,0,0,0.2,0,0,0,0,1,0
297,0,0,0,0,0,0,0,13489369,0,1,0,0,0,0,0,5,0,19,3,0,0,0,0,20,20,0,0,0,0,0,0,0,0,0,0,0,0,0
298,0,0,0,0,0,0,0,21400096,0,0,0,0,0,0,0,2,0,10,1,0,0,0,0,15,0,0,0,0,0,0,0,0,0,0,0,0,0,0
299,0,0.02,5.626,1.221,0,0.303,1.759,12145509,0,2,0,0,0,0,0,2,0,5,0,97,1.759,1.106,0,10,0,2.098,0,0.004,0,0.13,0,0.182,0,0,0,0,0,1.98
300,0,0.195,41.81,6.586,0,1.79,3.306,51261813,0,0,0,0,0,0,0,6,0,30,1,102.3,3.306,1.07,0.147,10,40,4.734,0,0,0.231,2.647,0,0.915,0,0,0,0,0,23.99
301,0,0,0,0,0,0,0,45900625,0,0,0,0,0,0,0,6,0,35,1,0,0,0,0,21,41,0,0,0,0,0,0,0,0,0,0,0,0,0
302,0,0.014,75.12,2.219,0,5.286,1.663,24922000,0,0,0.018,0,0,0,0.292,2,0,9,4,326.1,1.663,0,0,23,5,0.893,0,0,0.06,0.93,0,0.246,0,0,0,0,0,9.699
303,0,0.224,5.636,8.049,0,4.426,3.317,5420500,0,0,0,0,0,0.018,0,0,0,13,2,65.4,3.317,5.536,0,11,0,0.684,0,0.007,0.02,0.135,5.947,2.631,0.504,0.038,0.002,0,0,13.24
304,0,0.013,39.85,2.664,0,5.55,3.979,21171200,0,0,0,0,0,0,5.782,1,0,7,2,47.2,3.979,1.656,0,18,0,1.708,0,0,0.046,4.07,0,0.055,0.365,0,0,1.817,0,11.87
305,0,0.224,5.636,8.049,0,4.426,3.317,5420500,0,0,0,0,0,0.018,0,0,0,13,2,65.4,3.317,5.536,0,11,0,0.684,0,0.007,0.02,0.135,5.947,2.631,0.504,0.038,0.002,0,0,13.24
306,0,0.005,19.99,2.658,0,0.021,4.434,8509523,0,0,0.264,0,0,0.095,0.026,1,0,17,2,0,4.434,5.128,0.055,14,0,1.004,0,0,0.823,1.126,0.148,0.132,0.208,1.556,0,0,1,46.7
307,1.783,0,66.22,1.271,0,8.961,0.239,25332093,0,0,0,0,1.008,0,0,9,0,8,1,0,0.239,0.031,0.005,5,0,0.262,0,0.003,0,0.908,0,0.197,0.001,0,5.05,0,0,0.091
308,0,0,59.57,4.263,0,0,0.055,10975980,0,0,0,0,0.077,0,5.058,2,0,3,1,0,0.055,0.807,0,5,0,2.197,0,0,0,2.038,0,0.006,0,0,0,0,0,5.897
309,0,0.02,47.29,1.212,0,4.865,5.915,8715132,0,0,0,0,0,0.04,2.119,0,0,6,0,0,5.915,4.9,0.002,3,0,1.003,0,0.474,0,3.439,0,0.254,0.718,0,0,0,0,8.924
310,0,0,0,0,0,0,0,45900625,0,0,0,0,0,0,0,6,0,35,1,0,0,0,0,21,41,0,0,0,0,0,0,0,0,0,0,0,0,0
311,0,0.151,15.05,2.882,0,0.001,10.47,11933589,0,0,0,0,0,0.872,13.97,0,0,6,0,0,10.47,8.331,0,6,0,0.361,0,0,0.399,3.655,0,0.156,0,0,0,0,0,19.67
312,0,0,0,0,0,0,0,85397806,0,0,0,0,0,0,0,1,0,24,5,0,0,0,0,30,7,0,0,0,0,0,0,0,0,0,0,0,0,0
313,0,0,44.1,6.154,0,0.067,6.862,33613292,0,0,0,0,0,0.001,0.903,1,0,8,0,0,6.862,0.425,0,4,1,4.472,0,0,0.027,2.765,0,0.084,0,0,0,0,0,15.82
314,0,0,89.47,3.715,0,0.743,0,269677724,0,0,0,0,0,0,0,30,0,32,11,532.1,0,0,0.085,46,22,1.04,0,0,0,1.331,0,0.327,0,0,0,0,0,0
315,0,0,0,0,0,0,0,27590247,0,0,0,0,0,0,0,7,0,10,2,107.6,0,0,0,6,0,0,0,0,0,0,0,0,0,0,0,0,1,0
316,0,0.04,68.56,4.284,0,0.48,1.999,21243268,0,0,0,0,0,0,0,8,0,9,2,0,1.999,0,0.294,16,0,5.126,0,0,0,0.321,0,0.161,0,0,0,0,0,6.808
317,0,0.1,33.43,0.868,0,0.275,6.081,13547313,0,0,0,0,0.031,0,1.748,1,0,14,1,0,6.081,3.825,0,8,0,2.453,0,0,1.444,1.813,0,0.176,0,0,0,0,0,36.75
318,0,0.066,70.81,5.515,0,0.026,2.673,28158903,0,0,0,0,0,0,0.057,5,0,13,0,45.3,2.673,0.576,0,10,1,2.133,0,0,0,1.758,0,0.177,0.016,0,0,0,0,7.894
319,0,0,56.57,3.388,0,0.003,0.903,28106960,0,0,0,0,0,0,0,5,0,10,0,0,0.903,0,0,8,0,8.597,0,0,0.332,0.07,0,0.05,0,0,0,0,2,9.142
320,0,0.232,30.85,7.151,0,0.516,2.546,13468707,0,0,0,0.01,0,0,0,4,0,4,1,186.8,2.546,0.433,0.59,4,0,6.932,0,0,0,2.828,0,0.536,0,0,0,0,0,14.28
321,0,0.796,24.48,2.893,0,4.269,5.204,17983300,0,0,0,0,0,0,1.838,1,0,11,2,0,5.204,0.527,1.053,13,0,2.76,0,0,0,2.605,0,0.063,0.228,0,0,0,0,40.9
322,0,0.024,51.7,4.124,0,0.558,0.79,17854700,0,0,0,0,0,0,0,5,0,10,2,0,0.79,3.055,0,12,0,3.433,0,0,0,1.617,0.013,0.104,0.254,0,0,0,0,19.62
323,0,0,0,0,0,0,0,243090896,0,0,0,0,0,0,0,19,0,35,9,263.7,0,0,0,53,24,0,0,0,0,0,0,0,0,0,0,0,0,0
324,0,0.184,32.34,4.449,0,0.524,9.962,20367994,0,0,0,0,0.128,0,1.3,7,0,12,0,48.4,9.962,1.416,0,15,0,0.481,0,0,0.744,2.348,0.599,0.198,0.269,0,0,0,0,26.31
325,0,0,0,0,0,0,0,243090896,0,0,0,0,0,0,0,19,0,35,9,263.7,0,0,0,53,24,0,0,0,0,0,0,0,0,0,0,0,0,0
326,0,0.063,36.87,7.424,0,2.586,0.572,32757103,0,0,0,0,0,0,0,4,0,8,0,186.5,0.572,0,1.834,7,1,4.461,0,0.022,0.588,0.747,0,0.528,0.281,0,0,0,0,14.76
327,0,0,89.47,3.715,0,0.743,0,269677724,0,0,0,0,0,0,0,30,0,32,11,532.1,0,0,0.085,46,22,1.04,0,0,0,1.331,0,0.327,0,0,0,0,0,0
328,0,0.232,30.85,7.151,0,0.516,2.546,13468707,0,0,0,0.01,0,0,0,4,0,4,1,186.8,2.546,0.433,0.59,4,0,6.932,0,0,0,2.828,0,0.536,0,0,0,0,0,14.28
329,0,0,0,0,0,0,0,17023196,0,0,0,0,0,0,0,10,0,10,0,78.1,0,0,0,6,0,0,0,0,0,0,0,0,0,0,0,0,0,0
330,0,0.232,30.85,7.151,0,0.516,2.546,13468707,0,0,0,0.01,0,0,0,4,0,4,1,186.8,2.546,0.433,0.59,4,0,6.932,0,0,0,2.828,0,0.536,0,0,0,0,0,14.28
331,0,0,67.45,4.539,0,0.019,0,30887203,0,0,0,0,0,0,0.398,9,0,12,2,0,0,0,0.05,7,0,4.108,0,0,0,0.257,0,0.08,0,0,0,0,0,4.498
332,0.008,0.052,31.59,3.076,0,0.751,7.941,14164454,0,0,0.144,0,0,0.785,11.45,9,0,5,0,98.8,7.941,2.91,0,9,1,0.775,0,0.06,0.106,3.642,0,0.167,0,0,0,0,0,8.775
333,0,0.045,51.15,2.874,0,0.074,2.522,12962848,0,0,0,0,0,0.122,0,7,0,12,0,0,2.522,3.291,0,14,1,1.898,0,0,0,0.534,0,0,0,0,0,0,0,24.05
334,0,0,64.47,2.905,0,0.008,0.223,31038055,0,0,0,0,0,0,1.645,7,0,14,2,58.5,0.223,0.006,0.207,9,0,4.977,0,0,0,0.288,0,0.167,0,0,0,0,2,14.18
335,0,0,0,0,0,0,0,243090896,0,0,0,0,0,0,0,19,0,35,9,263.7,0,0,0,53,24,0,0,0,0,0,0,0,0,0,0,0,0,0
336,0,0.224,5.636,8.049,0,4.426,3.317,5420500,0,0,0,0,0,0.018,0,0,0,13,2,65.4,3.317,5.536,0,11,0,0.684,0,0.007,0.02,0.135,5.947,2.631,0.504,0.038,0.002,0,0,13.24
337,0,0.089,41.36,9.036,0,1.362,4.209,20242820,0,0,0,0,0,0,5.055,10,0,5,0,0,4.209,0.915,1.959,15,3,6.411,0,0,0,1.641,0,0.13,0,0,0,0,1,7.107
338,0,0,58.47,3.348,0,0.38,2.136,40550514,0,0,0,0,0,0,0,5,0,7,2,0,2.136,0.131,1.067,7,0,4.119,0,0,0.167,2.303,0,0.247,0,0,0,0,0,18.73
339,0,0,89.47,3.715,0,0.743,0,269677724,0,0,0,0,0,0,0,30,0,32,11,532.1,0,0,0.085,46,22,1.04,0,0,0,1.331,0,0.327,0,0,0,0,0,0
340,0,0,13.99,3.815,0,0.583,1.602,10440468,0,1,0.005,0.073,0,0,0,6,0,16,2,0,1.602,9.361,0.133,15,0,2.761,0,0.019,0.002,0.944,2.043,0.28,0.049,1.647,0,0,4,44.69
341,0,0,0,0,0,0,0,18885684,0,0,0,0,0,0,0,9,0,9,1,393.6,0,0,0,7,0,0,0,0,0,0,0,0,0,0,0,0,0,0
342,0,0.168,26.81,1.224,0,4.105,11.64,14689300,0,0,0.049,0,0,0.096,1.317,3,0,13,0,0,11.64,1.714,0,7,1,2.424,0,0,0.102,3.816,0,0.284,0.089,0,0,0,0,35.49
343,0,0.013,44.23,3.908,0,4.053,7.348,15068300,0,0,0,0,0.036,0,0.273,6,0,13,0,0,7.348,1.265,0.453,10,3,5.863,0,0,0,1.356,0,0.022,0,0,0,1.248,0,22.1
344,0.001,0.345,54.56,3.71,0,0.951,1.583,12738412,0,0,0,0,0,0,1.032,7,0,11,0,0,1.583,2.632,0,3,0,1.216,0,0,0,2.965,0,0.273,0.026,0,0,0,0,11.35
345,0,0,67.45,4.539,0,0.019,0,30887203,0,0,0,0,0,0,0.398,9,0,12,2,0,0,0,0.05,7,0,4.108,0,0,0,0.257,0,0.08,0,0,0,0,0,4.498
346,0,0,3.164,3.643,0,23.25,0,164498300,0,1,0,0,22.25,0,0,3,0,18,6,371.4,0,0,0,34,10,0.788,0,0.027,0,0,3.876,0.205,0.586,0,0,2.708,0,0
347,0,0.009,65.75,2.521,0,0.077,4.799,10142900,0,0,0,0,0,0,5.065,5,0,5,0,0,4.799,2.051,0.012,1,0,1.438,0,0,0,0.659,0,0.05,0.293,0,0,0,0,5.228
348,0,0,0,0,0,0,0,15789413,0,0,0,0,0,0,0,3,0,9,0,259.4,0,0,0,43,0,0,0,0,0,0,0,0,0,0,0,0,0,0
349,0,0,0,0,0,0,0,17023196,0,0,0,0,0,0,0,10,0,10,0,78.1,0,0,0,6,0,0,0,0,0,0,0,0,0,0,0,0,0,0
350,0,0.051,36.74,5.393,0,6.293,3.319,14792435,0,0,0,0,0.032,0,0.048,2,0,7,0,0,3.319,0.111,0,13,1,4.178,0,0.25,0.046,1.064,0,0.099,0.217,0,0,0,1,11.64
351,0,0,0,0,0,0,0,9057020,0,0,0,0,0,0,0,7,0,3,0,0,0,0,0,7,0,0,0,0,0,0,0,0,0,0,0,0,0,0
352,0,0.012,60.23,6.681,0,0.332,1.252,45729854,0,0,0,0,0,0,0,3,0,6,1,0,1.252,0,0.19,4,0,5.024,0,0,0,1.03,0,0.16,0,0,0,0,0,5.077
353,1.783,0,66.22,1.271,0,8.961,0.239,25332093,0,0,0,0,1.008,0,0,9,0,8,1,0,0.239,0.031,0.005,5,0,0.262,0,0.003,0,0.908,0,0.197,0.001,0,5.05,0,0,0.091
354,0,0,0,0,0,0,0,12110325,0,0,0,0,0,0,0,0,0,2,0,0,0,0,0,8,0,0,0,0,0,0,0,0,0,0,0,0,0,0
355,0,0.013,42.11,9.954,0,1.23,2.4,46448502,0,2,0,0,0,0,0,2,0,22,3,26.1,2.4,0.039,0.068,26,10,6.196,0,0.065,0.029,3.881,0,0.298,0,0,0.128,0,0,5.218
356,0,0,0,0,0,0,0,243090896,0,0,0,0,0,0,0,19,0,35,9,263.7,0,0,0,53,24,0,0,0,0,0,0,0,0,0,0,0,0,0
357,0,0.246,46.68,4.949,0,1.274,2.869,17090969,0,1,0,0,4.164,0,0,1,0,2,1,0,2.869,5.662,0,3,0,1.836,0,0,0,4.137,0.015,0.206,0.233,0,0,0,1,10
358,1.783,0,66.22,1.271,0,8.961,0.239,25332093,0,0,0,0,1.008,0,0,9,0,8,1,0,0.239,0.031,0.005,5,0,0.262,0,0.003,0,0.908,0,0.197,0.001,0,5.05,0,0,0.091
359,0,0.46,4.56,6.518,0,7.118,4.028,12118100,0,0,0.144,0,0,0,0,1,0,1,1,0,4.028,3.469,0,2,0,1.701,0,0,0.683,1.804,0,0.326,0.262,0,0,0,0,42.82
360,1.783,0,66.22,1.271,0,8.961,0.239,25332093,0,0,0,0,1.008,0,0,9,0,8,1,0,0.239,0.031,0.005,5,0,0.262,0,0.003,0,0.908,0,0.197,0.001,0,5.05,0,0,0.091
361,0,0,13.99,3.815,0,0.583,1.602,10440468,0,1,0.005,0.073,0,0,0,6,0,16,2,0,1.602,9.361,0.133,15,0,2.761,0,0.019,0.002,0.944,2.043,0.28,0.049,1.647,0,0,4,44.69
362,0,0,0,0,0,0,0,16203037,0,0,0,0,0,0,0,4,0,9,2,0,0,0,0,7,0,0,0,0,0,0,0,0,0,0,0,0,0,0
363,1.783,0,66.22,1.271,0,8.961,0.239,25332093,0,0,0,0,1.008,0,0,9,0,8,1,0,0.239,0.031,0.005,5,0,0.262,0,0.003,0,0.908,0,0.197,0.001,0,5.05,0,0,0.091
364,0.001,0.345,54.56,3.71,0,0.951,1.583,12738412,0,0,0,0,0,0,1.032,7,0,11,0,0,1.583,2.632,0,3,0,1.216,0,0,0,2.965,0,0.273,0.026,0,0,0,0,11.35
365,0,0.013,42.11,9.954,0,1.23,2.4,46448502,0,2,0,0,0,0,0,2,0,22,3,26.1,2.4,0.039,0.068,26,10,6.196,0,0.065,0.029,3.881,0,0.298,0,0,0.128,0,0,5.218
366,0,0.173,31.78,1.693,0,0.798,4.542,58022208,0,0,0,0,0.082,0,0,13,0,25,3,641.9,4.542,0.983,0.471,15,67,4.115,0,0,0.499,0.984,0,0.103,0,0,0,0,1,34.42
367,0,0.04,55.92,8.555,0,0.282,0.175,14893757,0,1,0,0.008,0,0,0,1,0,6,1,54.6,0.175,1.899,0,15,0,1.21,0,0,0,1.886,0,0.098,0,0,0.279,0,0,3.031
368,1.783,0,66.22,1.271,0,8.961,0.239,25332093,0,0,0,0,1.008,0,0,9,0,8,1,0,0.239,0.031,0.005,5,0,0.262,0,0.003,0,0.908,0,0.197,0.001,0,5.05,0,0,0.091
369,0,0.04,55.92,8.555,0,0.282,0.175,14893757,0,1,0,0.008,0,0,0,1,0,6,1,54.6,0.175,1.899,0,15,0,1.21,0,0,0,1.886,0,0.098,0,0,0.279,0,0,3.031
370,0,0,0,0,0,0,0,11270000,0,0,0,0,0,0,0,0,0,3,0,0,0,0,0,10,0,0,0,0,0,0,0,0,0,0,0,0,0,0
371,0,0.097,67.64,4.39,0,0.38,0.641,7827492,0,0,0,0,0,0,2.62,1,0,8,2,0,0.641,0.256,0,9,0,1.15,0,0,1.032,2.048,0,0.003,0,0,0,0,0,4.326
372,0,0,0,0,0,0,0,4369647,0,0,0,0,0,0,0,0,0,2,0,6.9,0,0,0,4,0,0,0,0,0,0,0,0,0,0,0,0,0,0
373,0,0.175,23.79,5.969,0,1.287,7.101,8267000,0,0,0,0,0,0.299,3.309,1,0,2,0,0,7.101,1.29,0,3,0,0.218,0,0,0.19,3.796,0,0.4,0,0,0,0,0,42
374,1.783,0,66.22,1.271,0,8.961,0.239,25332093,0,0,0,0,1.008,0,0,9,0,8,1,0,0.239,0.031,0.005,5,0,0.262,0,0.003,0,0.908,0,0.197,0.001,0,5.05,0,0,0.091
375,0,0,0,0,0,0,0,4369647,0,0,0,0,0,0,0,0,0,2,0,6.9,0,0,0,4,0,0,0,0,0,0,0,0,0,0,0,0,0,0
376,0,0,68.35,5.482,0,0,1.344,28757770,0,0,0,0,0,0,0.161,7,0,12,1,0,1.344,0,0,8,0,1.684,0,0,0,1.553,0,1.219,0.027,0,0,0,3,11.41
377,0,0.009,65.75,2.521,0,0.077,4.799,10142900,0,0,0,0,0,0,5.065,5,0,5,0,0,4.799,2.051,0.012,1,0,1.438,0,0,0,0.659,0,0.05,0.293,0,0,0,0,5.228
378,0,0.1,5.486,5.127,0,0.252,2.017,83880988,0,0,0,0,0,0,0,8,0,8,1,120.9,2.017,6.193,0,5,0,4.216,0,0,0.592,4.146,0,0.692,0,1.203,0,0,0,21.17
379,0,0.048,45.98,3.169,0,0.002,0.46,74317594,0,0,0,0,0,0.097,0,8,0,31,2,0,0.46,3.515,0.008,11,39,3.453,0,0,0.002,1.308,0,0.204,0,0,0,0,0,30.85
380,0,0.35,20.6,3.098,0,1.369,9.907,19984200,0,0,1.024,0,0,0.02,0.136,2,0,13,2,0,9.907,3.165,0.123,20,0,2.776,0,0.032,2.274,0.684,0.572,0.275,0.639,0,0,0,0,39.27
381,0,0.173,31.78,1.693,0,0.798,4.542,58022208,0,0,0,0,0.082,0,0,13,0,25,3,641.9,4.542,0.983,0.471,15,67,4.115,0,0,0.499,0.984,0,0.103,0,0,0,0,1,34.42
382,0,0,0,0,0,0,0,43451628,0,0,0,0,0,0,0,4,0,15,0,0,0,0,0,16,0,0,0,0,0,0,0,0,0,0,0,0,0,0
383,0,0,0,0,0,0,0,8825900,0,0,0,0,0,0,0,3,0,2,0,21.6,0,0,0,3,0,0,0,0,0,0,0,0,0,0,0,0,0,0
384,0,0,37.05,3.761,0,0,0.54,18944600,0,0,0,0.203,0,0.125,0,7,0,27,1,626.6,0.54,8.666,0.026,9,39,2.501,0,0,0.022,1.491,0,0.136,0,0,0,0,0,35.56
385,0,0,0,0,0,0,0,6862500,0,0,0,0,0,0,0,0,0,1,0,0,0,0,0,3,0,0,0,0,0,0,0,0,0,0,0,0,1,0
386,0,0,71.78,3.406,0,0,0.589,31990392,0,0,0,0,0,0,0.379,4,0,11,2,164.1,0.589,0,0,8,0,3.652,0,0.017,1.62,1.193,0,0,0,0,0,0,0,7.267
387,0,0.105,62.28,2.948,0,0.407,1.005,15874004,0,0,0,0,0,0,0,7,0,11,2,0,1.005,0.092,0,14,0,3.639,0,0,0.191,1.833,0,0.429,0,0,0,0,0,10.46
388,0,0.026,44.48,4.689,0,0.61,3.931,75319706,0,0,0,0.007,0,0,0.348,4,0,22,2,87.4,3.931,0.236,2.28,26,3,4.909,0,0,0,1.061,0,0.318,0.042,0,0,2.229,0,22.98
389,0,0.125,32.58,1.734,0,0.684,7.335,14141100,0,0,0,0,2.108,0.101,1.691,2,0,6,0,0,7.335,6.443,0,13,0,1.295,0,0,0,1.432,0,0.203,0.166,0.056,0,0.754,0,26
390,0,0.654,17.64,1.424,0,0.091,3.923,12200100,0,0,0,0,0,0,7.389,0,0,6,0,65.7,3.923,1.997,0,12,0,2.173,0,0.029,0.185,2.491,0,0.417,0,0,0,0,1,45.74
391,0,0.128,11.47,2.18,0,0.261,11.3,7617900,0,0,0.164,0,0,0,8.606,1,0,4,0,0,11.3,4.915,0,4,0,0.774,0,0,0.46,4.016,0,0.385,0,0,0,0,0,35.4
392,0,0,51.39,2.535,0,0.044,6.958,12327400,0,0,0,0,0,0.029,0.356,7,0,7,0,524.6,6.958,1.834,0,4,0,3.291,0,0,0.012,0.858,0,0.167,0.174,0,0,0,0,9.759
393,0,0,0,0,0,0,0,17060739,0,0,0,0,0,0,0,12,0,9,2,0,0,0,0,15,0,0,0,0,0,0,0,0,0,0,0,0,0,0
394,0,0,0,0,0,0,0,20524400,0,0,0,0,0,0,0,3,0,9,0,30.1,0,0,0,16,1,0,0,0,0,0,0,0,0,0,0,0,2,0
395,0,0.185,35.5,8.259,0,0.366,2.781,70138007,0,0,0.005,0,0,0,0,8,0,34,2,0,2.781,0.553,0,26,25,2.633,0,0,0.007,5.984,0,0.268,0,0,0,0,1,30.68
396,0,0,0,0,0,0,0,10995230,0,0,0,0,0,0,0,0,0,6,2,0,0,0,0,11,1,0,0,0,0,0,0,0,0,0,0,0,0,0
397,0,0,0,0,0,0,0,19627300,0,0,0,0,0,0,0,1,0,11,1,61.9,0,0,0,7,4,0,0,0,0,0,0,0,0,0,0,0,0,0
398,0,0,1.121,0,0,45.47,0.047,167016266,0,1,0,0,15.92,0,0.147,16,0,23,8,912.9,0.047,0,0,44,16,0,0,0,0,0,0,0.03,0.144,0,17.43,0,0,0
399,0,0.001,65.85,3.513,0,0.261,0.145,13225718,0,0,0,0,0,0,0,7,0,6,1,0,0.145,0.009,0,3,3,2.474,0,0,0.159,3.309,0.006,0.223,0,0,0.055,0,0,4.787
400,2.827,0,19.12,1.879,0,47.04,0,45562831,0.595,0,0,0,0.877,0,0,0,0,17,2,0,0,0,0,22,3,0.297,0,0.158,0,0,0.138,1.851,2.03,0,0,0,0,2.348
401,0,0,0.183,0,0,0.001,0,3455700,0,0,0,0,0,0,0,1,0,5,2,0,0,0,0,6,1,0,0,0,0,0,0,0.2,0,0,0,0,0,0
402,0,0,58.24,1.238,0,0,0.001,115347100,0,3,0,0.123,0,0,0,7,0,20,9,238,0.001,0.003,0.024,39,15,0,0,0,0,13.85,0,0.124,0.043,0,0,0.028,9,7.956
403,0,0,70.39,6.251,0,0,0.068,98094931,0,0,0,3.25,0.007,0,0,3,0,22,8,409.3,0.068,0,0.032,42,14,8.178,0,0,0,1.117,0.033,0.195,0,0,0,0,0,1.055
404,0,0,26.9,0,0,64.52,0,155106998,0,0,0,0,0.472,0,0,25,0,18,2,341.7,0,0,0,27,3,0,0,0,0,0,0,0.871,0,0,0.037,0,6,0
405,0,0.098,59.8,2.838,0,0.082,9.183,100810351,0,0,0,0,0,0,0.082,5,0,14,2,375.2,9.183,0.107,0,14,16,6.047,0,0,0,1.955,0,0.146,0,0,0,0,1,16.97
406,0,0.018,23.85,7.066,0,1.619,0.236,120456350,0,0,0,0,0,0.224,0,3,0,21,3,0,0.236,5.788,0.27,35,5,2.553,0,0,0,2.429,0,0.248,0.707,0.15,0,0,0,13.28
407,0,0.006,24.61,6.96,0,0.912,6.153,11656017,0,0,0.445,0.002,0,0,0,1,0,13,0,0,6.153,3.116,0,4,4,0.813,0,0.001,0.022,2.733,0,0.351,0.931,0,0,0,0,31.51
408,0,0.173,31.78,1.693,0,0.798,4.542,58022208,0,0,0,0,0.082,0,0,13,0,25,3,641.9,4.542,0.983,0.471,15,67,4.115,0,0,0.499,0.984,0,0.103,0,0,0,0,1,34.42
409,0,0.376,26.29,5.729,0,3.461,4.462,13585500,0,0,0,0,0,0.103,1.046,1,0,1,0,0,4.462,2.564,0,6,2,0.67,0,0,0.504,3.409,0,0.149,0,0,0,0,0,32.39
410,0,0.032,43.27,1.828,0,4.687,3.024,67470700,0,0,0,0,0,0.043,0,0,0,44,2,352.7,3.024,2.805,0,25,21,1.135,0,0,0.001,1.374,0,0,0,0,0,0,0,33.28
411,0,0,0,0,0,0,0,1588500,0,0,0,0,0,0,0,0,0,3,0,0,0,0,0,10,0,0,0,0,0,0,0,0,0,0,0,0,0,0
412,0,0,27.2,3.303,0,1.46,0.007,14747069,0,0,0,0,0.012,0,0,2,0,27,0,83.2,0.007,0.006,0,9,38,0.08,0,0.009,0,1.009,0.676,0.021,0,0,0,0,0,0.401
413,0,0,47.97,4.44,0,2.286,5.143,13342815,0,0,0,0,0.628,0,0.017,11,0,14,0,0,5.143,0.196,0.004,15,0,2.258,0,0,0.267,2.024,0,0,0,0,0.201,0,2,18.14
414,0,0.009,48.98,5.57,0,0.379,0.123,8057100,0,0,0,0.54,0,0,0,1,0,4,0,0,0.123,0,0.073,6,1,1.159,0,0.075,0,1.829,0,0.469,0,0.017,0,0,0,5.715
415,0,0,0,0,0,0,0,14278075,0,0,0,0,0,0,0,10,0,13,1,0,0,0,0,6,5,0,0,0,0,0,0,0,0,0,0,0,0,0
416,0,0,60.99,2.671,0,2.116,6.639,142585895,0,0,0,0,0,0,0,4,0,32,10,0,6.639,1.739,0.053,51,20,4.167,0,0,0.099,0.349,0,0.096,0,0,0,0,0,18.16
417,0,0.184,24.65,5.739,0,0.017,5.238,111180300,0,0,0.004,0,0,0.105,0,10,0,10,1,59.9,5.238,9.458,0.072,14,12,2.128,0,0.006,0.013,2.78,0.019,0.196,0,0,0,0,0,41.35
418,0,0.098,59.8,2.838,0,0.082,9.183,100810351,0,0,0,0,0,0,0.082,5,0,14,2,375.2,9.183,0.107,0,14,16,6.047,0,0,0,1.955,0,0.146,0,0,0,0,1,16.97
419,0,0.024,48.58,10.96,0,0.001,0.979,46937627,0,0,0,0,0,0,0,6,0,31,3,212.9,0.979,0.58,0.888,17,81,5.979,0,0,0,4.245,0,0.325,0,0,0,0,0,12.06
420,0,0,86.7,1.977,0,0.793,0,100781450,0,0,0,0,0,0,0,10,0,20,6,72.9,0,0,0,33,14,2.117,0,0,0,0.897,0,0.188,0,0,0,0,12,0.056
421,0,0.004,34.12,0.217,0,4.409,22.56,173725104,0,0,0,0,0,0,0,14,0,31,6,145,22.56,0,0,34,18,1.013,0,0,0.175,2.47,0,0.068,0.078,0.952,0,0,0,27.81
422,0,0.007,47.61,1.75,0,1.369,11.12,216805996,0,0,0,0,0,0,0,11,0,29,10,0,11.12,0.391,0,41,19,4.051,0,0,0,3.799,0,0.352,0.115,0,0,0,3,27.67
423,0,0.007,47.61,1.75,0,1.369,11.12,216805996,0,0,0,0,0,0,0,11,0,29,10,0,11.12,0.391,0,41,19,4.051,0,0,0,3.799,0,0.352,0.115,0,0,0,3,27.67
424,2.827,0,19.12,1.879,0,47.04,0,45562831,0.595,0,0,0,0.877,0,0,0,0,17,2,0,0,0,0,22,3,0.297,0,0.158,0,0,0.138,1.851,2.03,0,0,0,0,2.348
425,0,0.366,0.9,0.988,0,0,0.028,13676500,0,0,0,0,0,0.543,0,0,0,36,11,197,0.028,14.75,0,51,22,0.701,0,0,0.075,0.593,0,0.081,0,0.057,0,0,0,67.45
426,2.993,0,0,0,0,57.38,0,162403397,0,0,0,0,17.26,0,0,19,0,10,2,0,0,0,0,10,3,0,0,0,0,0,0,0.033,0.088,0,4.103,0,1,0
427,0,0,79.25,2.56,0,1.952,1.953,44353830,0,0,0,0,0,0,0,3,0,9,1,202.7,1.953,0.026,0,10,0,4.657,0,0,0,0.236,0,0.036,0,0,0,0.379,0,4.136
428,0,0,0,0,0,0,0,8480100,0,0,0,0,0,0,0,0,0,2,0,0,0,0,0,12,3,0,0,0,0,0,0,0,0,0,0,0,0,0
429,0,0.324,3.543,1.129,0,0,0,21625102,0,0,0,0,0,2.55,0,10,0,34,10,595.2,0,28.39,0,47,21,0.154,0,0,0,0.663,0,0.034,0,0,0,0,0,56.98
430,0,0.01,34.89,3.24,0,1.196,4.844,12003343,0,0,0,0,0,0,0.621,5,0,12,0,0,4.844,4.519,0,3,0,2.859,0,0,0,3.767,0.069,0.062,0.07,0,0,0,0,12.68
431,0,0,35.93,4.495,0,5.635,6.217,14122624,0,0,0,0,0,0,0,16,0,7,0,0,6.217,1.408,0,10,0,2.374,0,0,0.007,1.239,0,0.281,0.19,0,0,0,0,19.16
432,0,0.175,49.25,2.243,0,0.892,3.94,17978969,0,0,0,0,0.034,0,2.475,7,0,12,2,0,3.94,0.457,0,8,1,3.173,0,0,0.021,2.298,0,0.253,0.363,0,0,0,0,20.04
433,0,0,89.47,3.715,0,0.743,0,269677724,0,0,0,0,0,0,0,30,0,32,11,532.1,0,0,0.085,46,22,1.04,0,0,0,1.331,0,0.327,0,0,0,0,0,0
434,0,0.094,20.4,6.143,0,0.94,4.011,14737500,0,0,0,0,0,0.279,1.59,1,0,15,3,0,4.011,1.863,0.081,13,1,4.751,0,0,0.464,4.056,0.065,0.229,0.005,0,0,0,0,21.15
435,0,0.024,48.58,10.96,0,0.001,0.979,46937627,0,0,0,0,0,0,0,6,0,31,3,212.9,0.979,0.58,0.888,17,81,5.979,0,0,0,4.245,0,0.325,0,0,0,0,0,12.06
436,0,0,47.98,4.042,0,0,0.152,42758607,0,0,0,0,0,0,0,3,0,39,3,268,0.152,0,0.158,23,36,16.58,0,0,0,0.626,0,0.088,0,0,0,0,0,22.75
437,0,0.278,20.8,7.451,0,0.125,0.847,11689800,0,0,0.273,0,0,0.149,0,1,0,5,2,0,0.847,1.499,0,6,2,4.626,0,0,0.192,4.646,0,0.243,0,0,0,0,0,34.06
438,0,0,0,0,0,0,0,17060739,0,0,0,0,0,0,0,12,0,9,2,0,0,0,0,15,0,0,0,0,0,0,0,0,0,0,0,0,0,0
439,0,0,0,0,0,0,0,88410300,0,0,0,0,0,0,0,0,0,12,5,105,0,0,0,33,7,0,0,0,0,0,0,0,0,0,0,0,0,0
440,0,0,0,0,0,0,0,4759800,0,0,0,0,0,0,0,0,0,1,0,0,0,0,0,2,0,0,0,0,0,0,0,0,0,0,0,0,0,0
441,0,0.033,64.85,2.749,0,3.569,3.482,113629130,0,0,0,0.702,0.359,0.149,0.123,6,0,36,2,0,3.482,0.018,0.034,22,40,3.076,0,0,0,2.659,0,0.002,0,0,0,0.492,0,10.54
442,0,0.184,24.65,5.739,0,0.017,5.238,111180300,0,0,0.004,0,0,0.105,0,10,0,10,1,59.9,5.238,9.458,0.072,14,12,2.128,0,0.006,0.013,2.78,0.019,0.196,0,0,0,0,0,41.35
443,0,0,70.39,6.251,0,0,0.068,98094931,0,0,0,3.25,0.007,0,0,3,0,22,8,409.3,0.068,0,0.032,42,14,8.178,0,0,0,1.117,0.033,0.195,0,0,0,0,0,1.055
444,0,0,62.94,1.025,0,4.868,7.415,45338913,0,0,0,0,1.638,0,0,5,0,26,2,217.7,7.415,0.34,0,11,39,0.764,0,0,0,2.222,0,0.202,0,0,0,0,1,13.19
445,0,0.062,49.98,3.543,0,19.25,1.587,92594618,0,1,0,0,0,0,0,7,0,33,5,298.7,1.587,0,0,38,17,2.762,0,0,0,1.717,0,0.327,0,0,0,0,0,12.92
446,0,0,0,0,0,0,0,13596715,0,0,0,0,0,0,0,1,0,16,3,0,0,0,0,11,0,0,0,0,0,0,0,0,0,0,0,0,0,0
447,0,0,0,0,0,0,0,9934344,0,0,0,0,0,0,0,1,0,3,0,0,0,0,0,1,0,0,0,0,0,0,0,0,0,0,0,0,2,0
448,0,0,0,0,0,0,0,17254606,0,0,0,0,0,0,0,6,0,9,2,191.7,0,0,0,15,0,0,0,0,0,0,0,0,0,0,0,0,0,0
449,0,0,0,0,0,0,0,11035500,0,0,0,0,0,0,0,1,0,2,0,0,0,0,0,17,0,0,0,0,0,0,0,0,0,0,0,0,0,0
450,0,0,53.88,1.022,0,1.34,9.034,99397148,0,0,0,0,0,0.006,0.033,6,0,23,9,694.1,9.034,0,0,41,14,1.698,0,0,0,3.146,0,0.111,0,0,0,0,0,28.24
451,0,0.29,21.59,4.635,0,1.681,5.152,70963398,0,0,0,0.011,0,0.08,0,9,0,13,1,0,5.152,3.521,0.063,15,13,2.649,0,0,0,1.75,0.457,0.352,0.081,0,0,0,0,45.58
452,0,0,0,0,0,0,0,81322181,0,1,0,0,0,0,0,8,0,38,2,134,0,0,0,25,33,0,0,0,0,0,0,0,0,0,0,0,0,0
453,0,0,0,0,0,0,0,85397806,0,0,0,0,0,0,0,1,0,24,5,0,0,0,0,30,7,0,0,0,0,0,0,0,0,0,0,0,0,0
454,0,0,0,0,0,0,0,25459027,0,0,0,0,0,0,0,2,0,7,0,77,0,0,0,8,1,0,0,0,0,0,0,0,0,0,0,0,0,0
455,0,0.284,24.81,9.822,0,0.355,0.135,18985097,0,0,0,0,0,0,0,0,0,33,2,0,0.135,0.554,0,9,36,4.008,0,0,0,2.992,5.499,0.99,0.068,0,0,0,0,3.466
456,0,0.366,0.9,0.988,0,0,0.028,13676500,0,0,0,0,0,0.543,0,0,0,36,11,197,0.028,14.75,0,51,22,0.701,0,0,0.075,0.593,0,0.081,0,0.057,0,0,0,67.45
457,0,0.004,34.12,0.217,0,4.409,22.56,173725104,0,0,0,0,0,0,0,14,0,31,6,145,22.56,0,0,34,18,1.013,0,0,0.175,2.47,0,0.068,0.078,0.952,0,0,0,27.81
458,0,0,3.164,3.643,0,23.25,0,164498300,0,1,0,0,22.25,0,0,3,0,18,6,371.4,0,0,0,34,10,0.788,0,0.027,0,0,3.876,0.205,0.586,0,0,2.708,0,0
459,0,0,0.183,0,0,0.001,0,32668272,0,0,0,0,0,0,0,5,0,34,3,80.5,0,0,0,22,34,0,0,0,0,0,0,0.2,0,0,0,0,0,0
460,0,0,0,0,0,0,0,179168850,0,0,0,0,0,0,0,17,0,22,4,441.6,0,0,0,38,14,0,0,0,0,0,0,0,0,0,0,0,0,0
461,0,0.209,42.52,13.27,0,2.314,0.193,22296026,0,0,0,0.059,0,0,0,0,0,3,2,0,0.193,0,0.05,3,0,3.901,0,0.5,0,3.502,0,0.808,0,0,0,0,1,12.93
462,0,0.08,36.06,5.742,0,3.979,1.391,89567236,0,0,0,0.37,0,0,0,5,0,29,4,104.6,1.391,0.893,0,25,24,10.84,0,0,0,1.468,0,0.055,0,0,0.098,0,0,28.94
463,0,0,0,0,0,0,0,65061963,0,0,0,0,0,0,0,4,0,34,2,36.6,0,0,0,21,43,0,0,0,0,0,0,0,0,0,0,0,1,0
464,0,0.029,53.51,2.075,0,2.533,7.096,15255347,0,0,0.002,0,0,0,0.229,12,0,13,0,0,7.096,1.261,0,23,0,1.421,0,0,0,1.29,0.003,0.002,0,0,0.482,0,0,16.75
465,0,0.04,68.56,4.284,0,0.48,1.999,21243268,0,0,0,0,0,0,0,8,0,9,2,0,1.999,0,0.294,16,0,5.126,0,0,0,0.321,0,0.161,0,0,0,0,0,6.808
466,0,0.018,23.85,7.066,0,1.619,0.236,120456350,0,0,0,0,0,0.224,0,3,0,21,3,0,0.236,5.788,0.27,35,5,2.553,0,0,0,2.429,0,0.248,0.707,0.15,0,0,0,13.28
467,0,0.055,26.68,2.101,0,1.214,11.69,11305889,0,0,0,0,0,0,8.32,3,0,11,0,76.2,11.69,3.184,0,9,2,4.375,0,0.018,2.682,2.699,0,0.307,0.007,0,0,0,0,19.13
468,0,0,0,0,0,0,0,13919500,0,0,0,0,0,0,0,1,0,5,0,0,0,0,0,8,0,0,0,0,0,0,0,0,0,0,0,0,0,0
469,0,0.315,19.73,0.46,0,0.52,20.29,15228040,0,0,0,0,0,2.401,0.007,3,0,17,2,0,20.29,8.66,0,17,0,0.072,0,0,1.95,3.234,0.02,0.034,0.23,0.124,0,0,0,32.45
470,0,0.137,78.12,1.883,0,1.696,6.081,37029278,0,0,0,0,0,0,0,14,0,26,1,307.8,6.081,0.027,0.006,15,38,1.967,0,0,0,0.124,0,0,0,0,0,0,1,4.631
471,0,0,63.78,3.326,0,0,2.519,33116124,0,0,0,0,0,0,0.082,3,0,6,0,0,2.519,0.267,0,4,1,3.682,0,0,0.045,2.689,0,0.063,0,0,0,0,0,10.48
472,0,0,60.99,2.671,0,2.116,6.639,142585895,0,0,0,0,0,0,0,4,0,32,10,0,6.639,1.739,0.053,51,20,4.167,0,0,0.099,0.349,0,0.096,0,0,0,0,0,18.16
473,0,0,0.183,0,0,0.001,0,32668272,0,0,0,0,0,0,0,5,0,34,3,80.5,0,0,0,22,34,0,0,0,0,0,0,0.2,0,0,0,0,0,0
474,0,0,8.556,0.087,0,0.527,2.14,11424700,0,0,0,0,0,1.763,0,0,0,2,0,0,2.14,2.134,0,4,0,0,0,0,0,0.08,0,0.26,0,0,0,0,0,2.328
475,0,0,0,0,0,0,0,15806045,0,1,0,0,0,0,0,3,0,18,3,80.4,0,0,0,17,15,0,0,0,0,0,0,0,0,0,0,0,1,0
476,0,0.056,55.61,3.127,0,0.822,3.974,18461611,0,0,0,0,0.056,0.716,1.421,4,0,13,3,0,3.974,4.177,0.053,15,0,3.632,0,0,0,1.183,0,0.162,0.36,0,0,0,0,12.79
477,0,0,0,0,0,0,0,18885684,0,0,0,0,0,0,0,9,0,9,1,393.6,0,0,0,7,0,0,0,0,0,0,0,0,0,0,0,0,0,0
478,0,0,0,0,0,0,0,77012858,0,0,0,0,0,0,0,5,0,12,2,0,0,0,0,9,1,0,0,0,0,0,0,0,0,0,0,0,14,0
479,0,0.035,28.9,4.338,0,1.931,7.639,13499174,0,0,0.275,0,0,0,0.002,9,0,10,0,71.4,7.639,8.258,0,10,0,1.165,0,0,0.786,1.878,0,0.287,0,0,0,0,0,28.88
480,0,0.186,46.82,2.43,0,0.014,3.44,49538963,0,0,0.007,0,0,0,0,9,0,31,2,133.2,3.44,1.721,0,13,49,2.484,0,0,0.011,2.942,0.001,0.163,0,0,0,0,1,35.05
481,0,0,66.35,0.067,0,4.648,12.05,76706551,0,0,0,0,0,0.078,0,14,0,15,7,188.3,12.05,0.187,0,31,15,0.043,0,0,0,0.513,0,0.074,0,0,0,0,2,10.1
482,0,0.122,18.91,7.633,0,0.143,4.559,21260661,0,0,0,0.031,0,0,0,3,0,16,0,0,4.559,2.24,0.403,9,1,5.587,0,0,0.029,3.987,0,0.296,0,0,0,0,0,25.58
483,0,0.173,31.78,1.693,0,0.798,4.542,58022208,0,0,0,0,0.082,0,0,13,0,25,3,641.9,4.542,0.983,0.471,15,67,4.115,0,0,0.499,0.984,0,0.103,0,0,0,0,1,34.42
484,0,0.192,32.3,4.565,0,3.016,6.58,14982752,0,0,0,0,0,0.142,0,1,0,9,2,0,6.58,0.15,0.163,15,1,3.064,0,0.003,0.106,4.332,0,0.249,0,0,0,0,0,18.09
485,0,0,50.29,2.134,0,1.408,2.875,58274305,0,0,0,0,0,0,0.59,11,0,8,1,0,2.875,0.394,0,9,0,1.675,0,0.163,0,0.671,0.015,0.167,0.679,0.021,0,0,0,18.53
486,0,0.017,41.95,7.542,0,0.92,1.177,47174046,0,0,0,0,0,0,0,3,0,8,1,0,1.177,0.036,0.229,11,0,4.03,0,0.05,0,3.597,0.125,0.106,0,0,0,0,0,10.78
487,0,0.597,40.6,1.57,0,0.025,9.659,12937000,0,0,0,0,0,0,3.141,0,0,9,2,0,9.659,8.465,0,6,2,1.413,0,0,0.099,1.167,0,0.193,0,0,0,0,0,19.53
488,0,0.127,12.48,3.14,0,0.427,2.555,4294268,0,0,0.004,0,0,0,3.247,0,0,5,0,0,2.555,4.174,0,8,0,0.974,0,0,0.853,1.864,0,0.363,0,0,0,0,0,46.53
489,0,0,0,0,0,0,0,15601537,0,0,0,0,0,0,0,0,0,6,2,0,0,0,0,11,1,0,0,0,0,0,0,0,0,0,0,0,0,0
490,0,0.055,13.33,2.205,0,0.049,8.027,17314700,0,0,0.21,0,0,0.133,0.167,0,0,3,0,0,8.027,4.158,0,12,0,1.942,0,0.006,4.418,1.698,0,0.219,0,0,0,0,0,57.23
491,0,0.007,29.69,4.235,0,0.227,4.437,9218020,0,0,0,0,0,0.033,0,2,0,16,0,0,4.437,7.556,0,6,4,6.726,0,0,0,1.648,0,0.203,0.011,0,0,0,0,21.34
492,0,0,15.24,0.086,0,0.001,0.44,10421920,0,0,0,0,0,0.033,0,0,0,5,0,0,0.44,0.162,0,10,0,0,0,0,0,0.477,0,0.161,0,0,0,0,0,0.704
493,0,0,51.39,2.535,0,0.044,6.958,12327400,0,0,0,0,0,0.029,0.356,7,0,7,0,524.6,6.958,1.834,0,4,0,3.291,0,0,0.012,0.858,0,0.167,0.174,0,0,0,0,9.759
494,0,0,0,0,0,0,0,18681300,0,0,0,0,0,0,0,5,0,10,0,51.5,0,0,0,12,0,0,0,0,0,0,0,0,0,0,0,0,0,0
495,0,0.007,29.69,4.235,0,0.227,4.437,9218020,0,0,0,0,0,0.033,0,2,0,16,0,0,4.437,7.556,0,6,4,6.726,0,0,0,1.648,0,0.203,0.011,0,0,0,0,21.34
496,0,0.771,2.475,0.074,1.349,0,1.106,17565100,0.01,0,10.42,0,0,1.357,0.139,1,0,14,2,0,1.106,9.517,0,11,1,0,0,0,0.731,0,0,0.048,0,0,0,0,0,28.22
497,0,0,0,0,0,0,0,11035500,0,0,0,0,0,0,0,1,0,2,0,0,0,0,0,17,0,0,0,0,0,0,0,0,0,0,0,0,0,0
498,0,0,0,0,0,0,0,13944200,0,0,0,0,0,0,0,1,0,3,0,0,0,0,0,12,0,0,0,0,0,0,0,0,0,0,0,0,0,0
499,0,0,0,0,0,0,0,20981860,0,0,0,0,0,0,0,3,0,11,3,107.3,0,0,0,12,0,0,0,0,0,0,0,0,0,0,0,0,11,0
500,0,0,47.98,4.042,0,0,0.152,42758607,0,0,0,0,0,0,0,3,0,39,3,268,0.152,0,0.158,23,36,16.58,0,0,0,0.626,0,0.088,0,0,0,0,0,22.75
501,0,0.04,55.92,8.555,0,0.282,0.175,14893757,0,1,0,0.008,0,0,0,1,0,6,1,54.6,0.175,1.899,0,15,0,1.21,0,0,0,1.886,0,0.098,0,0,0.279,0,0,3.031
502,0,0,0,0,0,0,0,17118500,0,0,0,0,0,0,0,2,0,11,0,0,0,0,0,12,4,0,0,0,0,0,0,0,0,0,0,0,0,0
503,0,0,0.183,0,0,0.001,0,24592900,0,0,0,0,0,0,0,0,0,3,0,0,0,0,0,5,0,0,0,0,0,0,0,0.2,0,0,0,0,0,0
504,0,0,0.183,0,0,0.001,0,27637885,0,0,0,0,0,0,0,4,0,9,0,0,0,0,0,14,4,0,0,0,0,0,0,0.2,0,0,0,0,1,0
505,0,0.071,43.54,5.434,0,1.434,2.297,22357799,0,0,0,0,0,0,2.904,2,0,9,3,119.9,2.297,0.01,0.12,14,1,5.507,0,0,0,3.806,0,0.186,0,0,0,0,0,15.87
506,0,0.017,41.95,7.542,0,0.92,1.177,47174046,0,0,0,0,0,0,0,3,0,8,1,0,1.177,0.036,0.229,11,0,4.03,0,0.05,0,3.597,0.125,0.106,0,0,0,0,0,10.78
507,0,0.597,40.6,1.57,0,0.025,9.659,12937000,0,0,0,0,0,0,3.141,0,0,9,2,0,9.659,8.465,0,6,2,1.413,0,0,0.099,1.167,0,0.193,0,0,0,0,0,19.53
508,0,0.127,12.48,3.14,0,0.427,2.555,4294268,0,0,0.004,0,0,0,3.247,0,0,5,0,0,2.555,4.174,0,8,0,0.974,0,0,0.853,1.864,0,0.363,0,0,0,0,0,46.53
509,0,0,0,0,0,0,0,15601537,0,0,0,0,0,0,0,0,0,6,2,0,0,0,0,11,1,0,0,0,0,0,0,0,0,0,0,0,0,0
510,0,0.055,13.33,2.205,0,0.049,8.027,17314700,0,0,0.21,0,0,0.133,0.167,0,0,3,0,0,8.027,4.158,0,12,0,1.942,0,0.006,4.418,1.698,0,0.219,0,0,0,0,0,57.23
511,0,0,15.24,0.086,0,0.001,0.44,10421920,0,0,0,0,0,0.033,0,0,0,5,0,0,0.44,0.162,0,10,0,0,0,0,0,0.477,0,0.161,0,0,0,0,0,0.704
512,0,0,51.39,2.535,0,0.044,6.958,12327400,0,0,0,0,0,0.029,0.356,7,0,7,0,524.6,6.958,1.834,0,4,0,3.291,0,0,0.012,0.858,0,0.167,0.174,0,0,0,0,9.759
513,0,0,0,0,0,0,0,18681300,0,0,0,0,0,0,0,5,0,10,0,51.5,0,0,0,12,0,0,0,0,0,0,0,0,0,0,0,0,0,0
514,0,0.007,29.69,4.235,0,0.227,4.437,9218020,0,0,0,0,0,0.033,0,2,0,16,0,0,4.437,7.556,0,6,4,6.726,0,0,0,1.648,0,0.203,0.011,0,0,0,0,21.34
515,0,0.771,2.475,0.074,1.349,0,1.106,17565100,0.01,0,10.42,0,0,1.357,0.139,1,0,14,2,0,1.106,9.517,0,11,1,0,0,0,0.731,0,0,0.048,0,0,0,0,0,28.22
516,0,0,0,0,0,0,0,11035500,0,0,0,0,0,0,0,1,0,2,0,0,0,0,0,17,0,0,0,0,0,0,0,0,0,0,0,0,0,0
517,0,0,0,0,0,0,0,13944200,0,0,0,0,0,0,0,1,0,3,0,0,0,0,0,12,0,0,0,0,0,0,0,0,0,0,0,0,0,0
518,0,0,0,0,0,0,0,20981860,0,0,0,0,0,0,0,3,0,11,3,107.3,0,0,0,12,0,0,0,0,0,0,0,0,0,0,0,0,11,0
519,0,0,47.98,4.042,0,0,0.152,42758607,0,0,0,0,0,0,0,3,0,39,3,268,0.152,0,0.158,23,36,16.58,0,0,0,0.626,0,0.088,0,0,0,0,0,22.75
520,0,0.314,32.83,4.054,0,1.582,4.447,18406000,0,0,0,0,0,0,5.281,2,0,4,1,0,4.447,1.547,0,6,0,3.358,0,0.058,0.074,2.774,0,0.161,0.076,0,0,0,0,16.68
521,0,0,0,0,0,0,0,22655304,0,0,0,0,0,0,0,1,0,10,0,82.2,0,0,0,48,0,0,0,0,0,0,0,0,0,0,0,0,0,0
522,0,0,89.47,3.715,0,0.743,0,269677724,0,0,0,0,0,0,0,30,0,32,11,532.1,0,0,0.085,46,22,1.04,0,0,0,1.331,0,0.327,0,0,0,0,0,0
523,0,0.032,62.09,3.816,0,0.038,3.715,12743204,0,0,0,0,0,0,1.116,6,0,7,1,0,3.715,1.048,0,15,0,1.263,0,0.018,0,2.011,0,0.095,0.055,0,0,0,0,3.314
524,0,0.04,55.92,8.555,0,0.282,0.175,14893757,0,1,0,0.008,0,0,0,1,0,6,1,54.6,0.175,1.899,0,15,0,1.21,0,0,0,1.886,0,0.098,0,0,0.279,0,0,3.031
525,0,0,0,0,0,0,0,17118500,0,0,0,0,0,0,0,2,0,11,0,0,0,0,0,12,4,0,0,0,0,0,0,0,0,0,0,0,0,0
526,0,0,0.183,0,0,0.001,0,24592900,0,0,0,0,0,0,0,0,0,3,0,0,0,0,0,5,0,0,0,0,0,0,0,0.2,0,0,0,0,0,0
527,0,0,0.183,0,0,0.001,0,27637885,0,0,0,0,0,0,0,4,0,9,0,0,0,0,0,14,4,0,0,0,0,0,0,0.2,0,0,0,0,1,0
528,0,0.071,43.54,5.434,0,1.434,2.297,22357799,0,0,0,0,0,0,2.904,2,0,9,3,119.9,2.297,0.01,0.12,14,1,5.507,0,0,0,3.806,0,0.186,0,0,0,0,0,15.87
529,0,0,0,0,0,0,0,15601537,0,0,0,0,0,0,0,0,0,6,2,0,0,0,0,11,1,0,0,0,0,0,0,0,0,0,0,0,0,0
530,0,0.055,13.33,2.205,0,0.049,8.027,17314700,0,0,0.21,0,0,0.133,0.167,0,0,3,0,0,8.027,4.158,0,12,0,1.942,0,0.006,4.418,1.698,0,0.219,0,0,0,0,0,57.23
531,0,0.024,48.58,10.96,0,0.001,0.979,46937627,0,0,0,0,0,0,0,6,0,31,3,212.9,0.979,0.58,0.888,17,81,5.979,0,0,0,4.245,0,0.325,0,0,0,0,0,12.06
532,0,0,0,0,0,0,0,22309790,0,0,0,0,0,0,0,4,0,8,0,0,0,0,0,15,0,0,0,0,0,0,0,0,0,0,0,0,0,0
533,0,0.007,29.69,4.235,0,0.227,4.437,9218020,0,0,0,0,0,0.033,0,2,0,16,0,0,4.437,7.556,0,6,4,6.726,0,0,0,1.648,0,0.203,0.011,0,0,0,0,21.34
534,0,0,15.24,0.086,0,0.001,0.44,10421920,0,0,0,0,0,0.033,0,0,0,5,0,0,0.44,0.162,0,10,0,0,0,0,0,0.477,0,0.161,0,0,0,0,0,0.704
535,0,0,51.39,2.535,0,0.044,6.958,12327400,0,0,0,0,0,0.029,0.356,7,0,7,0,524.6,6.958,1.834,0,4,0,3.291,0,0,0.012,0.858,0,0.167,0.174,0,0,0,0,9.759
536,0,0,0,0,0,0,0,18681300,0,0,0,0,0,0,0,5,0,10,0,51.5,0,0,0,12,0,0,0,0,0,0,0,0,0,0,0,0,0,0
537,0,0.007,29.69,4.235,0,0.227,4.437,9218020,0,0,0,0,0,0.033,0,2,0,16,0,0,4.437,7.556,0,6,4,6.726,0,0,0,1.648,0,0.203,0.011,0,0,0,0,21.34
538,0,0.771,2.475,0.074,1.349,0,1.106,17565100,0.01,0,10.42,0,0,1.357,0.139,1,0,14,2,0,1.106,9.517,0,11,1,0,0,0,0.731,0,0,0.048,0,0,0,0,0,28.22
539,0,0,47.98,4.042,0,0,0.152,42758607,0,0,0,0,0,0,0,3,0,39,3,268,0.152,0,0.158,23,36,16.58,0,0,0,0.626,0,0.088,0,0,0,0,0,22.75
540,0,0.314,32.83,4.054,0,1.582,4.447,18406000,0,0,0,0,0,0,5.281,2,0,4,1,0,4.447,1.547,0,6,0,3.358,0,0.058,0.074,2.774,0,0.161,0.076,0,0,0,0,16.68
541,0,0,0,0,0,0,0,22655304,0,0,0,0,0,0,0,1,0,10,0,82.2,0,0,0,48,0,0,0,0,0,0,0,0,0,0,0,0,0,0
542,0,0,89.47,3.715,0,0.743,0,269677724,0,0,0,0,0,0,0,30,0,32,11,532.1,0,0,0.085,46,22,1.04,0,0,0,1.331,0,0.327,0,0,0,0,0,0
543,0,0.032,62.09,3.816,0,0.038,3.715,12743204,0,0,0,0,0,0,1.116,6,0,7,1,0,3.715,1.048,0,15,0,1.263,0,0.018,0,2.011,0,0.095,0.055,0,0,0,0,3.314
544,0,0.04,55.92,8.555,0,0.282,0.175,14893757,0,1,0,0.008,0,0,0,1,0,6,1,54.6,0.175,1.899,0,15,0,1.21,0,0,0,1.886,0,0.098,0,0,0.279,0,0,3.031
545,0,0,0,0,0,0,0,17118500,0,0,0,0,0,0,0,2,0,11,0,0,0,0,0,12,4,0,0,0,0,0,0,0,0,0,0,0,0,0
546,0,0,0.183,0,0,0.001,0,24592900,0,0,0,0,0,0,0,0,0,3,0,0,0,0,0,5,0,0,0,0,0,0,0,0.2,0,0,0,0,0,0
547,0,0,0.183,0,0,0.001,0,27637885,0,0,0,0,0,0,0,4,0,9,0,0,0,0,0,14,4,0,0,0,0,0,0,0.2,0,0,0,0,1,0
548,0,0.071,43.54,5.434,0,1.434,2.297,22357799,0,0,0,0,0,0,2.904,2,0,9,3,119.9,2.297,0.01,0.12,14,1,5.507,0,0,0,3.806,0,0.186,0,0,0,0,0,15.87
549,0,0.055,13.33,2.205,0,0.049,8.027,17314700,0,0,0.21,0,0,0.133,0.167,0,0,3,0,0,8.027,4.158,0,12,0,1.942,0,0.006,4.418,1.698,0,0.219,0,0,0,0,0,57.23
550,0,0.024,48.58,10.96,0,0.001,0.979,46937627,0,0,0,0,0,0,0,6,0,31,3,212.9,0.979,0.58,0.888,17,81,5.979,0,0,0,4.245,0,0.325,0,0,0,0,0,12.06
551,0,0,0,0,0,0,0,22309790,0,0,0,0,0,0,0,4,0,8,0,0,0,0,0,15,0,0,0,0,0,0,0,0,0,0,0,0,0,0
552,0,0.007,29.69,4.235,0,0.227,4.437,9218020,0,0,0,0,0,0.033,0,2,0,16,0,0,4.437,7.556,0,6,4,6.726,0,0,0,1.648,0,0.203,0.011,0,0,0,0,21.34
553,0,0,15.24,0.086,0,0.001,0.44,10421920,0,0,0,0,0,0.033,0,0,0,5,0,0,0.44,0.162,0,10,0,0,0,0,0,0.477,0,0.161,0,0,0,0,0,0.704
554,0,0,51.39,2.535,0,0.044,6.958,12327400,0,0,0,0,0,0.029,0.356,7,0,7,0,524.6,6.958,1.834,0,4,0,3.291,0,0,0.012,0.858,0,0.167,0.174,0,0,0,0,9.759
555,0,0,0,0,0,0,0,18681300,0,0,0,0,0,0,0,5,0,10,0,51.5,0,0,0,12,0,0,0,0,0,0,0,0,0,0,0,0,0,0
556,0,0.007,29.69,4.235,0,0.227,4.437,9218020,0,0,0,0,0,0.033,0,2,0,16,0,0,4.437,7.556,0,6,4,6.726,0,0,0,1.648,0,0.203,0.011,0,0,0,0,21.34
557,0,0.771,2.475,0.074,1.349,0,1.106,17565100,0.01,0,10.42,0,0,1.357,0.139,1,0,14,2,0,1.106,9.517,0,11,1,0,0,0,0.731,0,0,0.048,0,0,0,0,0,28.22
558,0,0,0,0,0,0,0,11035500,0,0,0,0,0,0,0,1,0,2,0,0,0,0,0,17,0,0,0,0,0,0,0,0,0,0,0,0,0,0
559,0,0.314,32.83,4.054,0,1.582,4.447,18406000,0,0,0,0,0,0,5.281,2,0,4,1,0,4.447,1.547,0,6,0,3.358,0,0.058,0.074,2.774,0,0.161,0.076,0,0,0,0,16.68
560,0,0,0,0,0,0,0,22655304,0,0,0,0,0,0,0,1,0,10,0,82.2,0,0,0,48,0,0,0,0,0,0,0,0,0,0,0,0,0,0
561,0,0,89.47,3.715,0,0.743,0,269677724,0,0,0,0,0,0,0,30,0,32,11,532.1,0,0,0.085,46,22,1.04,0,0,0,1.331,0,0.327,0,0,0,0,0,0
562,0,0.032,62.09,3.816,0,0.038,3.715,12743204,0,0,0,0,0,0,1.116,6,0,7,1,0,3.715,1.048,0,15,0,1.263,0,0.018,0,2.011,0,0.095,0.055,0,0,0,0,3.314
563,0,0.04,55.92,8.555,0,0.282,0.175,14893757,0,1,0,0.008,0,0,0,1,0,6,1,54.6,0.175,1.899,0,15,0,1.21,0,0,0,1.886,0,0.098,0,0,0.279,0,0,3.031
564,0,0,0,0,0,0,0,17118500,0,0,0,0,0,0,0,2,0,11,0,0,0,0,0,12,4,0,0,0,0,0,0,0,0,0,0,0,0,0
565,0,0,0.183,0,0,0.001,0,24592900,0,0,0,0,0,0,0,0,0,3,0,0,0,0,0,5,0,0,0,0,0,0,0,0.2,0,0,0,0,0,0
566,0,0,0.183,0,0,0.001,0,27637885,0,0,0,0,0,0,0,4,0,9,0,0,0,0,0,14,4,0,0,0,0,0,0,0.2,0,0,0,0,1,0
567,0,0.071,43.54,5.434,0,1.434,2.297,22357799,0,0,0,0,0,0,2.904,2,0,9,3,119.9,2.297,0.01,0.12,14,1,5.507,0,0,0,3.806,0,0.186,0,0,0,0,0,15.87
568,0,0.017,41.95,7.542,0,0.92,1.177,47174046,0,0,0,0,0,0,0,3,0,8,1,0,1.177,0.036,0.229,11,0,4.03,0,0.05,0,3.597,0.125,0.106,0,0,0,0,0,10.78
569,0,0.024,48.58,10.96,0,0.001,0.979,46937627,0,0,0,0,0,0,0,6,0,31,3,212.9,0.979,0.58,0.888,17,81,5.979,0,0,0,4.245,0,0.325,0,0,0,0,0,12.06
570,0,0,0,0,0,0,0,22309790,0,0,0,0,0,0,0,4,0,8,0,0,0,0,0,15,0,0,0,0,0,0,0,0,0,0,0,0,0,0
571,0,0.007,29.69,4.235,0,0.227,4.437,9218020,0,0,0,0,0,0.033,0,2,0,16,0,0,4.437,7.556,0,6,4,6.726,0,0,0,1.648,0,0.203,0.011,0,0,0,0,21.34
572,0,0,15.24,0.086,0,0.001,0.44,10421920,0,0,0,0,0,0.033,0,0,0,5,0,0,0.44,0.162,0,10,0,0,0,0,0,0.477,0,0.161,0,0,0,0,0,0.704
573,0,0,51.39,2.535,0,0.044,6.958,12327400,0,0,0,0,0,0.029,0.356,7,0,7,0,524.6,6.958,1.834,0,4,0,3.291,0,0,0.012,0.858,0,0.167,0.174,0,0,0,0,9.759
574,0,0,0,0,0,0,0,18681300,0,0,0,0,0,0,0,5,0,10,0,51.5,0,0,0,12,0,0,0,0,0,0,0,0,0,0,0,0,0,0
575,0,0.007,29.69,4.235,0,0.227,4.437,9218020,0,0,0,0,0,0.033,0,2,0,16,0,0,4.437,7.556,0,6,4,6.726,0,0,0,1.648,0,0.203,0.011,0,0,0,0,21.34
576,0,0.771,2.475,0.074,1.349,0,1.106,17565100,0.01,0,10.42,0,0,1.357,0.139,1,0,14,2,0,1.106,9.517,0,11,1,0,0,0,0.731,0,0,0.048,0,0,0,0,0,28.22
577,0,0,0,0,0,0,0,11035500,0,0,0,0,0,0,0,1,0,2,0,0,0,0,0,17,0,0,0,0,0,0,0,0,0,0,0,0,0,0
578,0,0,0,0,0,0,0,13944200,0,0,0,0,0,0,0,1,0,3,0,0,0,0,0,12,0,0,0,0,0,0,0,0,0,0,0,0,0,0
579,0,0,89.47,3.715,0,0.743,0,269677724,0,0,0,0,0,0,0,30,0,32,11,532.1,0,0,0.085,46,22,1.04,0,0,0,1.331,0,0.327,0,0,0,0,0,0
580,0,0.032,62.09,3.816,0,0.038,3.715,12743204,0,0,0,0,0,0,1.116,6,0,7,1,0,3.715,1.048,0,15,0,1.263,0,0.018,0,2.011,0,0.095,0.055,0,0,0,0,3.314
581,0,0.04,55.92,8.555,0,0.282,0.175,14893757,0,1,0,0.008,0,0,0,1,0,6,1,54.6,0.175,1.899,0,15,0,1.21,0,0,0,1.886,0,0.098,0,0,0.279,0,0,3.031
582,0,0,0,0,0,0,0,17118500,0,0,0,0,0,0,0,2,0,11,0,0,0,0,0,12,4,0,0,0,0,0,0,0,0,0,0,0,0,0
583,0,0,0.183,0,0,0.001,0,24592900,0,0,0,0,0,0,0,0,0,3,0,0,0,0,0,5,0,0,0,0,0,0,0,0.2,0,0,0,0,0,0
584,0,0,0.183,0,0,0.001,0,27637885,0,0,0,0,0,0,0,4,0,9,0,0,0,0,0,14,4,0,0,0,0,0,0,0.2,0,0,0,0,1,0
585,0,0.071,43.54,5.434,0,1.434,2.297,22357799,0,0,0,0,0,0,2.904,2,0,9,3,119.9,2.297,0.01,0.12,14,1,5.507,0,0,0,3.806,0,0.186,0,0,0,0,0,15.87
586,0,0.017,41.95,7.542,0,0.92,1.177,47174046,0,0,0,0,0,0,0,3,0,8,1,0,1.177,0.036,0.229,11,0,4.03,0,0.05,0,3.597,0.125,0.106,0,0,0,0,0,10.78
587,0,0.597,40.6,1.57,0,0.025,9.659,12937000,0,0,0,0,0,0,3.141,0,0,9,2,0,9.659,8.465,0,6,2,1.413,0,0,0.099,1.167,0,0.193,0,0,0,0,0,19.53
588,0,0.127,12.48,3.14,0,0.427,2.555,4294268,0,0,0.004,0,0,0,3.247,0,0,5,0,0,2.555,4.174,0,8,0,0.974,0,0,0.853,1.864,0,0.363,0,0,0,0,0,46.53
589,0,0,0,0,0,0,0,22309790,0,0,0,0,0,0,0,4,0,8,0,0,0,0,0,15,0,0,0,0,0,0,0,0,0,0,0,0,0,0
590,0,0.007,29.69,4.235,0,0.227,4.437,9218020,0,0,0,0,0,0.033,0,2,0,16,0,0,4.437,7.556,0,6,4,6.726,0,0,0,1.648,0,0.203,0.011,0,0,0,0,21.34
591,0,0,15.24,0.086,0,0.001,0.44,10421920,0,0,0,0,0,0.033,0,0,0,5,0,0,0.44,0.162,0,10,0,0,0,0,0,0.477,0,0.161,0,0,0,0,0,0.704
592,0,0,51.39,2.535,0,0.044,6.958,12327400,0,0,0,0,0,0.029,0.356,7,0,7,0,524.6,6.958,1.834,0,4,0,3.291,0,0,0.012,0.858,0,0.167,0.174,0,0,0,0,9.759
593,0,0,0,0,0,0,0,18681300,0,0,0,0,0,0,0,5,0,10,0,51.5,0,0,0,12,0,0,0,0,0,0,0,0,0,0,0,0,0,0
594,0,0.007,29.69,4.235,0,0.227,4.437,9218020,0,0,0,0,0,0.033,0,2,0,16,0,0,4.437,7.556,0,6,4,6.726,0,0,0,1.648,0,0.203,0.011,0,0,0,0,21.34
595,0,0.771,2.475,0.074,1.349,0,1.106,17565100,0.01,0,10.42,0,0,1.357,0.139,1,0,14,2,0,1.106,9.517,0,11,1,0,0,0,0.731,0,0,0.048,0,0,0,0,0,28.22
596,0,0,0,0,0,0,0,11035500,0,0,0,0,0,0,0,1,0,2,0,0,0,0,0,17,0,0,0,0,0,0,0,0,0,0,0,0,0,0
597,0,0,0,0,0,0,0,13944200,0,0,0,0,0,0,0,1,0,3,0,0,0,0,0,12,0,0,0,0,0,0,0,0,0,0,0,0,0,0
598,0,0,0,0,0,0,0,20981860,0,0,0,0,0,0,0,3,0,11,3,107.3,0,0,0,12,0,0,0,0,0,0,0,0,0,0,0,0,11,0
599,0,0.032,62.09,3.816,0,0.038,3.715,12743204,0,0,0,0,0,0,1.116,6,0,7,1,0,3.715,1.048,0,15,0,1.263,0,0.018,0,2.011,0,0.095,0.055,0,0,0,0,3.314
600,0,0.04,55.92,8.555,0,0.282,0.175,14893757,0,1,0,0.008,0,0,0,1,0,6,1,54.6,0.175,1.899,0,15,0,1.21,0,0,0,1.886,0,0.098,0,0,0.279,0,0,3.031
601,0,0,0,0,0,0,0,17118500,0,0,0,0,0,0,0,2,0,11,0,0,0,0,0,12,4,0,0,0,0,0,0,0,0,0,0,0,0,0
602,0,0,0.183,0,0,0.001,0,24592900,0,0,0,0,0,0,0,0,0,3,0,0,0,0,0,5,0,0,0,0,0,0,0,0.2,0,0,0,0,0,0
603,0,0,0.183,0,0,0.001,0,27637885,0,0,0,0,0,0,0,4,0,9,0,0,0,0,0,14,4,0,0,0,0,0,0,0.2,0,0,0,0,1,0
604,0,0.071,43.54,5.434,0,1.434,2.297,22357799,0,0,0,0,0,0,2.904,2,0,9,3,119.9,2.297,0.01,0.12,14,1,5.507,0,0,0,3.806,0,0.186,0,0,0,0,0,15.87
605,0,0.017,41.95,7.542,0,0.92,1.177,47174046,0,0,0,0,0,0,0,3,0,8,1,0,1.177,0.036,0.229,11,0,4.03,0,0.05,0,3.597,0.125,0.106,0,0,0,0,0,10.78
606,0,0.597,40.6,1.57,0,0.025,9.659,12937000,0,0,0,0,0,0,3.141,0,0,9,2,0,9.659,8.465,0,6,2,1.413,0,0,0.099,1.167,0,0.193,0,0,0,0,0,19.53
607,0,0.127,12.48,3.14,0,0.427,2.555,4294268,0,0,0.004,0,0,0,3.247,0,0,5,0,0,2.555,4.174,0,8,0,0.974,0,0,0.853,1.864,0,0.363,0,0,0,0,0,46.53
608,0,0,0,0,0,0,0,15601537,0,0,0,0,0,0,0,0,0,6,2,0,0,0,0,11,1,0,0,0,0,0,0,0,0,0,0,0,0,0
609,0,0,15.24,0.086,0,0.001,0.44,10421920,0,0,0,0,0,0.033,0,0,0,5,0,0,0.44,0.162,0,10,0,0,0,0,0,0.477,0,0.161,0,0,0,0,0,0.704
610,0,0,51.39,2.535,0,0.044,6.958,12327400,0,0,0,0,0,0.029,0.356,7,0,7,0,524.6,6.958,1.834,0,4,0,3.291,0,0,0.012,0.858,0,0.167,0.174,0,0,0,0,9.759
611,0,0,0,0,0,0,0,18681300,0,0,0,0,0,0,0,5,0,10,0,51.5,0,0,0,12,0,0,0,0,0,0,0,0,0,0,0,0,0,0
612,0,0.007,29.69,4.235,0,0.227,4.437,9218020,0,0,0,0,0,0.033,0,2,0,16,0,0,4.437,7.556,0,6,4,6.726,0,0,0,1.648,0,0.203,0.011,0,0,0,0,21.34
613,0,0.771,2.475,0.074,1.349,0,1.106,17565100,0.01,0,10.42,0,0,1.357,0.139,1,0,14,2,0,1.106,9.517,0,11,1,0,0,0,0.731,0,0,0.048,0,0,0,0,0,28.22
614,0,0,0,0,0,0,0,17118500,0,0,0,0,0,0,0,2,0,11,0,0,0,0,0,12,4,0,0,0,0,0,0,0,0,0,0,0,0,0
615,0,0,0.183,0,0,0.001,0,24592900,0,0,0,0,0,0,0,0,0,3,0,0,0,0,0,5,0,0,0,0,0,0,0,0.2,0,0,0,0,0,0
616,0,0.017,41.95,7.542,0,0.92,1.177,47174046,0,0,0,0,0,0,0,3,0,8,1,0,1.177,0.036,0.229,11,0,4.03,0,0.05,0,3.597,0.125,0.106,0,0,0,0,0,10.78
617,0,0,51.39,2.535,0,0.044,6.958,12327400,0,0,0,0,0,0.029,0.356,7,0,7,0,524.6,6.958,1.834,0,4,0,3.291,0,0,0.012,0.858,0,0.167,0.174,0,0,0,0,9.759
618,0,0.007,29.69,4.235,0,0.227,4.437,9218020,0,0,0,0,0,0.033,0,2,0,16,0,0,4.437,7.556,0,6,4,6.726,0,0,0,1.648,0,0.203,0.011,0,0,0,0,21.34
619,0,0,47.98,4.042,0,0,0.152,42758607,0,0,0,0,0,0,0,3,0,39,3,268,0.152,0,0.158,23,36,16.58,0,0,0,0.626,0,0.088,0,0,0,0,0,22.75
620,0,0,0,0,0,0,0,22655304,0,0,0,0,0,0,0,1,0,10,0,82.2,0,0,0,48,0,0,0,0,0,0,0,0,0,0,0,0,0,0
621,0,0,0.183,0,0,0.001,0,27637885,0,0,0,0,0,0,0,4,0,9,0,0,0,0,0,14,4,0,0,0,0,0,0,0.2,0,0,0,0,1,0
622,0,0.017,41.95,7.542,0,0.92,1.177,47174046,0,0,0,0,0,0,0,3,0,8,1,0,1.177,0.036,0.229,11,0,4.03,0,0.05,0,3.597,0.125,0.106,0,0,0,0,0,10.78
623,0,0.127,12.48,3.14,0,0.427,2.555,4294268,0,0,0.004,0,0,0,3.247,0,0,5,0,0,2.555,4.174,0,8,0,0.974,0,0,0.853,1.864,0,0.363,0,0,0,0,0,46.53
624,0,0,0,0,0,0,0,15601537,0,0,0,0,0,0,0,0,0,6,2,0,0,0,0,11,1,0,0,0,0,0,0,0,0,0,0,0,0,0
625,0,0,0,0,0,0,0,22309790,0,0,0,0,0,0,0,4,0,8,0,0,0,0,0,15,0,0,0,0,0,0,0,0,0,0,0,0,0,0
626,0,0.771,2.475,0.074,1.349,0,1.106,17565100,0.01,0,10.42,0,0,1.357,0.139,1,0,14,2,0,1.106,9.517,0,11,1,0,0,0,0.731,0,0,0.048,0,0,0,0,0,28.22
627,0,0,0,0,0,0,0,11035500,0,0,0,0,0,0,0,1,0,2,0,0,0,0,0,17,0,0,0,0,0,0,0,0,0,0,0,0,0,0
628,0,0,0,0,0,0,0,13944200,0,0,0,0,0,0,0,1,0,3,0,0,0,0,0,12,0,0,0,0,0,0,0,0,0,0,0,0,0,0
629,0,0,0,0,0,0,0,20981860,0,0,0,0,0,0,0,3,0,11,3,107.3,0,0,0,12,0,0,0,0,0,0,0,0,0,0,0,0,11,0
630,0,0.314,32.83,4.054,0,1.582,4.447,18406000,0,0,0,0,0,0,5.281,2,0,4,1,0,4.447,1.547,0,6,0,3.358,0,0.058,0.074,2.774,0,0.161,0.076,0,0,0,0,16.68
631,0,0,89.47,3.715,0,0.743,0,269677724,0,0,0,0,0,0,0,30,0,32,11,532.1,0,0,0.085,46,22,1.04,0,0,0,1.331,0,0.327,0,0,0,0,0,0
632,0,0,0.183,0,0,0.001,0,24592900,0,0,0,0,0,0,0,0,0,3,0,0,0,0,0,5,0,0,0,0,0,0,0,0.2,0,0,0,0,0,0
633,0,0.597,40.6,1.57,0,0.025,9.659,12937000,0,0,0,0,0,0,3.141,0,0,9,2,0,9.659,8.465,0,6,2,1.413,0,0,0.099,1.167,0,0.193,0,0,0,0,0,19.53
634,0,0.127,12.48,3.14,0,0.427,2.555,4294268,0,0,0.004,0,0,0,3.247,0,0,5,0,0,2.555,4.174,0,8,0,0.974,0,0,0.853,1.864,0,0.363,0,0,0,0,0,46.53
635,0,0,0,0,0,0,0,15601537,0,0,0,0,0,0,0,0,0,6,2,0,0,0,0,11,1,0,0,0,0,0,0,0,0,0,0,0,0,0
636,0,0,0,0,0,0,0,22309790,0,0,0,0,0,0,0,4,0,8,0,0,0,0,0,15,0,0,0,0,0,0,0,0,0,0,0,0,0,0
637,0,0.007,29.69,4.235,0,0.227,4.437,9218020,0,0,0,0,0,0.033,0,2,0,16,0,0,4.437,7.556,0,6,4,6.726,0,0,0,1.648,0,0.203,0.011,0,0,0,0,21.34
638,0,0.771,2.475,0.074,1.349,0,1.106,17565100,0.01,0,10.42,0,0,1.357,0.139,1,0,14,2,0,1.106,9.517,0,11,1,0,0,0,0.731,0,0,0.048,0,0,0,0,0,28.22
639,0,0,0,0,0,0,0,11035500,0,0,0,0,0,0,0,1,0,2,0,0,0,0,0,17,0,0,0,0,0,0,0,0,0,0,0,0,0,0
640,0,0,0,0,0,0,0,13944200,0,0,0,0,0,0,0,1,0,3,0,0,0,0,0,12,0,0,0,0,0,0,0,0,0,0,0,0,0,0
641,0,0,0,0,0,0,0,20981860,0,0,0,0,0,0,0,3,0,11,3,107.3,0,0,0,12,0,0,0,0,0,0,0,0,0,0,0,0,11,0
642,0,0,47.98,4.042,0,0,0.152,42758607,0,0,0,0,0,0,0,3,0,39,3,268,0.152,0,0.158,23,36,16.58,0,0,0,0.626,0,0.088,0,0,0,0,0,22.75
643,0,0.017,41.95,7.542,0,0.92,1.177,47174046,0,0,0,0,0,0,0,3,0,8,1,0,1.177,0.036,0.229,11,0,4.03,0,0.05,0,3.597,0.125,0.106,0,0,0,0,0,10.78
644,0,0.597,40.6,1.57,0,0.025,9.659,12937000,0,0,0,0,0,0,3.141,0,0,9,2,0,9.659,8.465,0,6,2,1.413,0,0,0.099,1.167,0,0.193,0,0,0,0,0,19.53
645,0,0.055,13.33,2.205,0,0.049,8.027,17314700,0,0,0.21,0,0,0.133,0.167,0,0,3,0,0,8.027,4.158,0,12,0,1.942,0,0.006,4.418,1.698,0,0.219,0,0,0,0,0,57.23
646,0,0.024,48.58,10.96,0,0.001,0.979,46937627,0,0,0,0,0,0,0,6,0,31,3,212.9,0.979,0.58,0.888,17,81,5.979,0,0,0,4.245,0,0.325,0,0,0,0,0,12.06
647,0,0.007,29.69,4.235,0,0.227,4.437,9218020,0,0,0,0,0,0.033,0,2,0,16,0,0,4.437,7.556,0,6,4,6.726,0,0,0,1.648,0,0.203,0.011,0,0,0,0,21.34
648,0,0,15.24,0.086,0,0.001,0.44,10421920,0,0,0,0,0,0.033,0,0,0,5,0,0,0.44,0.162,0,10,0,0,0,0,0,0.477,0,0.161,0,0,0,0,0,0.704
649,0,0.771,2.475,0.074,1.349,0,1.106,17565100,0.01,0,10.42,0,0,1.357,0.139,1,0,14,2,0,1.106,9.517,0,11,1,0,0,0,0.731,0,0,0.048,0,0,0,0,0,28.22
650,0,0,0,0,0,0,0,20981860,0,0,0,0,0,0,0,3,0,11,3,107.3,0,0,0,12,0,0,0,0,0,0,0,0,0,0,0,0,11,0
651,0,0,0,0,0,0,0,22655304,0,0,0,0,0,0,0,1,0,10,0,82.2,0,0,0,48,0,0,0,0,0,0,0,0,0,0,0,0,0,0
652,0,0.032,62.09,3.816,0,0.038,3.715,12743204,0,0,0,0,0,0,1.116,6,0,7,1,0,3.715,1.048,0,15,0,1.263,0,0.018,0,2.011,0,0.095,0.055,0,0,0,0,3.314
653,0,0.597,40.6,1.57,0,0.025,9.659,12937000,0,0,0,0,0,0,3.141,0,0,9,2,0,9.659,8.465,0,6,2,1.413,0,0,0.099,1.167,0,0.193,0,0,0,0,0,19.53
654,0,0.127,12.48,3.14,0,0.427,2.555,4294268,0,0,0.004,0,0,0,3.247,0,0,5,0,0,2.555,4.174,0,8,0,0.974,0,0,0.853,1.864,0,0.363,0,0,0,0,0,46.53
655,0,0.055,13.33,2.205,0,0.049,8.027,17314700,0,0,0.21,0,0,0.133,0.167,0,0,3,0,0,8.027,4.158,0,12,0,1.942,0,0.006,4.418,1.698,0,0.219,0,0,0,0,0,57.23
656,0,0.024,48.58,10.96,0,0.001,0.979,46937627,0,0,0,0,0,0,0,6,0,31,3,212.9,0.979,0.58,0.888,17,81,5.979,0,0,0,4.245,0,0.325,0,0,0,0,0,12.06
657,0,0.007,29.69,4.235,0,0.227,4.437,9218020,0,0,0,0,0,0.033,0,2,0,16,0,0,4.437,7.556,0,6,4,6.726,0,0,0,1.648,0,0.203,0.011,0,0,0,0,21.34
658,0,0.007,29.69,4.235,0,0.227,4.437,9218020,0,0,0,0,0,0.033,0,2,0,16,0,0,4.437,7.556,0,6,4,6.726,0,0,0,1.648,0,0.203,0.011,0,0,0,0,21.34
659,0,0.771,2.475,0.074,1.349,0,1.106,17565100,0.01,0,10.42,0,0,1.357,0.139,1,0,14,2,0,1.106,9.517,0,11,1,0,0,0,0.731,0,0,0.048,0,0,0,0,0,28.22
660,0,0,0,0,0,0,0,13944200,0,0,0,0,0,0,0,1,0,3,0,0,0,0,0,12,0,0,0,0,0,0,0,0,0,0,0,0,0,0
661,0,0,0,0,0,0,0,20981860,0,0,0,0,0,0,0,3,0,11,3,107.3,0,0,0,12,0,0,0,0,0,0,0,0,0,0,0,0,11,0
662,0,0.314,32.83,4.054,0,1.582,4.447,18406000,0,0,0,0,0,0,5.281,2,0,4,1,0,4.447,1.547,0,6,0,3.358,0,0.058,0.074,2.774,0,0.161,0.076,0,0,0,0,16.68
663,0,0.071,43.54,5.434,0,1.434,2.297,22357799,0,0,0,0,0,0,2.904,2,0,9,3,119.9,2.297,0.01,0.12,14,1,5.507,0,0,0,3.806,0,0.186,0,0,0,0,0,15.87
664,0,0.017,41.95,7.542,0,0.92,1.177,47174046,0,0,0,0,0,0,0,3,0,8,1,0,1.177,0.036,0.229,11,0,4.03,0,0.05,0,3.597,0.125,0.106,0,0,0,0,0,10.78
665,0,0.127,12.48,3.14,0,0.427,2.555,4294268,0,0,0.004,0,0,0,3.247,0,0,5,0,0,2.555,4.174,0,8,0,0.974,0,0,0.853,1.864,0,0.363,0,0,0,0,0,46.53
666,0,0,0,0,0,0,0,15601537,0,0,0,0,0,0,0,0,0,6,2,0,0,0,0,11,1,0,0,0,0,0,0,0,0,0,0,0,0,0
667,0,0.055,13.33,2.205,0,0.049,8.027,17314700,0,0,0.21,0,0,0.133,0.167,0,0,3,0,0,8.027,4.158,0,12,0,1.942,0,0.006,4.418,1.698,0,0.219,0,0,0,0,0,57.23
668,0,0,51.39,2.535,0,0.044,6.958,12327400,0,0,0,0,0,0.029,0.356,7,0,7,0,524.6,6.958,1.834,0,4,0,3.291,0,0,0.012,0.858,0,0.167,0.174,0,0,0,0,9.759
669,0,0,0,0,0,0,0,11035500,0,0,0,0,0,0,0,1,0,2,0,0,0,0,0,17,0,0,0,0,0,0,0,0,0,0,0,0,0,0
670,0,0,0,0,0,0,0,20981860,0,0,0,0,0,0,0,3,0,11,3,107.3,0,0,0,12,0,0,0,0,0,0,0,0,0,0,0,0,11,0
671,0,0,0,0,0,0,0,22655304,0,0,0,0,0,0,0,1,0,10,0,82.2,0,0,0,48,0,0,0,0,0,0,0,0,0,0,0,0,0,0
672,0,0,0.183,0,0,0.001,0,27637885,0,0,0,0,0,0,0,4,0,9,0,0,0,0,0,14,4,0,0,0,0,0,0,0.2,0,0,0,0,1,0
673,0,0.017,41.95,7.542,0,0.92,1.177,47174046,0,0,0,0,0,0,0,3,0,8,1,0,1.177,0.036,0.229,11,0,4.03,0,0.05,0,3.597,0.125,0.106,0,0,0,0,0,10.78
674,0,0.597,40.6,1.57,0,0.025,9.659,12937000,0,0,0,0,0,0,3.141,0,0,9,2,0,9.659,8.465,0,6,2,1.413,0,0,0.099,1.167,0,0.193,0,0,0,0,0,19.53
675,0,0,0,0,0,0,0,15601537,0,0,0,0,0,0,0,0,0,6,2,0,0,0,0,11,1,0,0,0,0,0,0,0,0,0,0,0,0,0
676,0,0.024,48.58,10.96,0,0.001,0.979,46937627,0,0,0,0,0,0,0,6,0,31,3,212.9,0.979,0.58,0.888,17,81,5.979,0,0,0,4.245,0,0.325,0,0,0,0,0,12.06
677,0,0,0,0,0,0,0,22309790,0,0,0,0,0,0,0,4,0,8,0,0,0,0,0,15,0,0,0,0,0,0,0,0,0,0,0,0,0,0
678,0,0.007,29.69,4.235,0,0.227,4.437,9218020,0,0,0,0,0,0.033,0,2,0,16,0,0,4.437,7.556,0,6,4,6.726,0,0,0,1.648,0,0.203,0.011,0,0,0,0,21.34
679,0,0,15.24,0.086,0,0.001,0.44,10421920,0,0,0,0,0,0.033,0,0,0,5,0,0,0.44,0.162,0,10,0,0,0,0,0,0.477,0,0.161,0,0,0,0,0,0.704
680,0,0.771,2.475,0.074,1.349,0,1.106,17565100,0.01,0,10.42,0,0,1.357,0.139,1,0,14,2,0,1.106,9.517,0,11,1,0,0,0,0.731,0,0,0.048,0,0,0,0,0,28.22
681,0,0,0,0,0,0,0,13944200,0,0,0,0,0,0,0,1,0,3,0,0,0,0,0,12,0,0,0,0,0,0,0,0,0,0,0,0,0,0
682,0,0,0,0,0,0,0,22655304,0,0,0,0,0,0,0,1,0,10,0,82.2,0,0,0,48,0,0,0,0,0,0,0,0,0,0,0,0,0,0
683,0,0,89.47,3.715,0,0.743,0,269677724,0,0,0,0,0,0,0,30,0,32,11,532.1,0,0,0.085,46,22,1.04,0,0,0,1.331,0,0.327,0,0,0,0,0,0
684,0,0.032,62.09,3.816,0,0.038,3.715,12743204,0,0,0,0,0,0,1.116,6,0,7,1,0,3.715,1.048,0,15,0,1.263,0,0.018,0,2.011,0,0.095,0.055,0,0,0,0,3.314
685,0,0.04,55.92,8.555,0,0.282,0.175,14893757,0,1,0,0.008,0,0,0,1,0,6,1,54.6,0.175,1.899,0,15,0,1.21,0,0,0,1.886,0,0.098,0,0,0.279,0,0,3.031
686,0,0,0.183,0,0,0.001,0,27637885,0,0,0,0,0,0,0,4,0,9,0,0,0,0,0,14,4,0,0,0,0,0,0,0.2,0,0,0,0,1,0
687,0,0.017,41.95,7.542,0,0.92,1.177,47174046,0,0,0,0,0,0,0,3,0,8,1,0,1.177,0.036,0.229,11,0,4.03,0,0.05,0,3.597,0.125,0.106,0,0,0,0,0,10.78
688,0,0.024,48.58,10.96,0,0.001,0.979,46937627,0,0,0,0,0,0,0,6,0,31,3,212.9,0.979,0.58,0.888,17,81,5.979,0,0,0,4.245,0,0.325,0,0,0,0,0,12.06
689,0,0,0,0,0,0,0,20981860,0,0,0,0,0,0,0,3,0,11,3,107.3,0,0,0,12,0,0,0,0,0,0,0,0,0,0,0,0,11,0
690,0,0,47.98,4.042,0,0,0.152,42758607,0,0,0,0,0,0,0,3,0,39,3,268,0.152,0,0.158,23,36,16.58,0,0,0,0.626,0,0.088,0,0,0,0,0,22.75
691,0,0,89.47,3.715,0,0.743,0,269677724,0,0,0,0,0,0,0,30,0,32,11,532.1,0,0,0.085,46,22,1.04,0,0,0,1.331,0,0.327,0,0,0,0,0,0
692,0,0.032,62.09,3.816,0,0.038,3.715,12743204,0,0,0,0,0,0,1.116,6,0,7,1,0,3.715,1.048,0,15,0,1.263,0,0.018,0,2.011,0,0.095,0.055,0,0,0,0,3.314
693,0,0.04,55.92,8.555,0,0.282,0.175,14893757,0,1,0,0.008,0,0,0,1,0,6,1,54.6,0.175,1.899,0,15,0,1.21,0,0,0,1.886,0,0.098,0,0,0.279,0,0,3.031
694,0,0,0,0,0,0,0,17118500,0,0,0,0,0,0,0,2,0,11,0,0,0,0,0,12,4,0,0,0,0,0,0,0,0,0,0,0,0,0
695,0,0.127,12.48,3.14,0,0.427,2.555,4294268,0,0,0.004,0,0,0,3.247,0,0,5,0,0,2.555,4.174,0,8,0,0.974,0,0,0.853,1.864,0,0.363,0,0,0,0,0,46.53
696,0,0,0,0,0,0,0,15601537,0,0,0,0,0,0,0,0,0,6,2,0,0,0,0,11,1,0,0,0,0,0,0,0,0,0,0,0,0,0
697,0,0.024,48.58,10.96,0,0.001,0.979,46937627,0,0,0,0,0,0,0,6,0,31,3,212.9,0.979,0.58,0.888,17,81,5.979,0,0,0,4.245,0,0.325,0,0,0,0,0,12.06
698,0,0,0,0,0,0,0,11035500,0,0,0,0,0,0,0,1,0,2,0,0,0,0,0,17,0,0,0,0,0,0,0,0,0,0,0,0,0,0
699,0,0,0,0,0,0,0,13944200,0,0,0,0,0,0,0,1,0,3,0,0,0,0,0,12,0,0,0,0,0,0,0,0,0,0,0,0,0,0
700,0,0,47.98,4.042,0,0,0.152,42758607,0,0,0,0,0,0,0,3,0,39,3,268,0.152,0,0.158,23,36,16.58,0,0,0,0.626,0,0.088,0,0,0,0,0,22.75
701,0,0.032,62.09,3.816,0,0.038,3.715,12743204,0,0,0,0,0,0,1.116,6,0,7,1,0,3.715,1.048,0,15,0,1.263,0,0.018,0,2.011,0,0.095,0.055,0,0,0,0,3.314
702,0,0.04,55.92,8.555,0,0.282,0.175,14893757,0,1,0,0.008,0,0,0,1,0,6,1,54.6,0.175,1.899,0,15,0,1.21,0,0,0,1.886,0,0.098,0,0,0.279,0,0,3.031
703,0,0,0,0,0,0,0,17118500,0,0,0,0,0,0,0,2,0,11,0,0,0,0,0,12,4,0,0,0,0,0,0,0,0,0,0,0,0,0
704,0,0.071,43.54,5.434,0,1.434,2.297,22357799,0,0,0,0,0,0,2.904,2,0,9,3,119.9,2.297,0.01,0.12,14,1,5.507,0,0,0,3.806,0,0.186,0,0,0,0,0,15.87
705,0,0.017,41.95,7.542,0,0.92,1.177,47174046,0,0,0,0,0,0,0,3,0,8,1,0,1.177,0.036,0.229,11,0,4.03,0,0.05,0,3.597,0.125,0.106,0,0,0,0,0,10.78
706,0,0.597,40.6,1.57,0,0.025,9.659,12937000,0,0,0,0,0,0,3.141,0,0,9,2,0,9.659,8.465,0,6,2,1.413,0,0,0.099,1.167,0,0.193,0,0,0,0,0,19.53
707,0,0.127,12.48,3.14,0,0.427,2.555,4294268,0,0,0.004,0,0,0,3.247,0,0,5,0,0,2.555,4.174,0,8,0,0.974,0,0,0.853,1.864,0,0.363,0,0,0,0,0,46.53
708,0,0,0,0,0,0,0,15601537,0,0,0,0,0,0,0,0,0,6,2,0,0,0,0,11,1,0,0,0,0,0,0,0,0,0,0,0,0,0
709,0,0.055,13.33,2.205,0,0.049,8.027,17314700,0,0,0.21,0,0,0.133,0.167,0,0,3,0,0,8.027,4.158,0,12,0,1.942,0,0.006,4.418,1.698,0,0.219,0,0,0,0,0,57.23
710,0,0,0,0,0,0,0,22309790,0,0,0,0,0,0,0,4,0,8,0,0,0,0,0,15,0,0,0,0,0,0,0,0,0,0,0,0,0,0
711,0,0,15.24,0.086,0,0.001,0.44,10421920,0,0,0,0,0,0.033,0,0,0,5,0,0,0.44,0.162,0,10,0,0,0,0,0,0.477,0,0.161,0,0,0,0,0,0.704
712,0,0,0,0,0,0,0,11035500,0,0,0,0,0,0,0,1,0,2,0,0,0,0,0,17,0,0,0,0,0,0,0,0,0,0,0,0,0,0
713,0,0,0,0,0,0,0,13944200,0,0,0,0,0,0,0,1,0,3,0,0,0,0,0,12,0,0,0,0,0,0,0,0,0,0,0,0,0,0
714,0,0,0,0,0,0,0,22655304,0,0,0,0,0,0,0,1,0,10,0,82.2,0,0,0,48,0,0,0,0,0,0,0,0,0,0,0,0,0,0
715,0,0.04,55.92,8.555,0,0.282,0.175,14893757,0,1,0,0.008,0,0,0,1,0,6,1,54.6,0.175,1.899,0,15,0,1.21,0,0,0,1.886,0,0.098,0,0,0.279,0,0,3.031
716,0,0,0,0,0,0,0,17118500,0,0,0,0,0,0,0,2,0,11,0,0,0,0,0,12,4,0,0,0,0,0,0,0,0,0,0,0,0,0
717,0,0.071,43.54,5.434,0,1.434,2.297,22357799,0,0,0,0,0,0,2.904,2,0,9,3,119.9,2.297,0.01,0.12,14,1,5.507,0,0,0,3.806,0,0.186,0,0,0,0,0,15.87
718,0,0.127,12.48,3.14,0,0.427,2.555,4294268,0,0,0.004,0,0,0,3.247,0,0,5,0,0,2.555,4.174,0,8,0,0.974,0,0,0.853,1.864,0,0.363,0,0,0,0,0,46.53
719,0,0,0,0,0,0,0,15601537,0,0,0,0,0,0,0,0,0,6,2,0,0,0,0,11,1,0,0,0,0,0,0,0,0,0,0,0,0,0
720,0,0.024,48.58,10.96,0,0.001,0.979,46937627,0,0,0,0,0,0,0,6,0,31,3,212.9,0.979,0.58,0.888,17,81,5.979,0,0,0,4.245,0,0.325,0,0,0,0,0,12.06
721,0,0,0,0,0,0,0,22309790,0,0,0,0,0,0,0,4,0,8,0,0,0,0,0,15,0,0,0,0,0,0,0,0,0,0,0,0,0,0
722,0,0,0,0,0,0,0,13944200,0,0,0,0,0,0,0,1,0,3,0,0,0,0,0,12,0,0,0,0,0,0,0,0,0,0,0,0,0,0
723,0,0,47.98,4.042,0,0,0.152,42758607,0,0,0,0,0,0,0,3,0,39,3,268,0.152,0,0.158,23,36,16.58,0,0,0,0.626,0,0.088,0,0,0,0,0,22.75
724,0,0,0,0,0,0,0,22655304,0,0,0,0,0,0,0,1,0,10,0,82.2,0,0,0,48,0,0,0,0,0,0,0,0,0,0,0,0,0,0
725,0,0,89.47,3.715,0,0.743,0,269677724,0,0,0,0,0,0,0,30,0,32,11,532.1,0,0,0.085,46,22,1.04,0,0,0,1.331,0,0.327,0,0,0,0,0,0
726,0,0.04,55.92,8.555,0,0.282,0.175,14893757,0,1,0,0.008,0,0,0,1,0,6,1,54.6,0.175,1.899,0,15,0,1.21,0,0,0,1.886,0,0.098,0,0,0.279,0,0,3.031
